question_id,image_id,question,gt_answer,gt_answer_normalized,answer_type,eval_mode,q_type,content_type,modality,location,base_type,pred_answer__original,pred_answer_normalized__original,is_correct_strict__original,is_correct_relaxed__original,pred_answer__black,pred_answer_normalized__black,is_correct_strict__black,is_correct_relaxed__black,pred_answer__lpf,pred_answer_normalized__lpf,is_correct_strict__lpf,is_correct_relaxed__lpf,pred_answer__hpf,pred_answer_normalized__hpf,is_correct_strict__hpf,is_correct_relaxed__hpf,pred_answer__patch_shuffle,pred_answer_normalized__patch_shuffle,is_correct_strict__patch_shuffle,is_correct_relaxed__patch_shuffle
11934,102,What modality is used to take this image?,CT,ct,open,text_match,Modality,unknown,unknown,unknown,unknown,CT,ct,True,True,MRI,mri,False,False,CT,ct,True,True,CT,ct,True,True,MRI,mri,False,False
11935,102,Which part of the body does this image belong to?,Chest,chest,open,text_match,Position,unknown,unknown,unknown,unknown,Thorax,thorax,False,False,Head,head,False,False,Thorax,thorax,False,False,Thorax,thorax,False,False,Skin,skin,False,False
11936,102,What is the main organ in the image?,"Lung, Spinal Cord",lung spinal cord,open,text_match,Organ,unknown,unknown,unknown,unknown,Lungs,lungs,False,False,No,no,False,False,Lungs,lungs,False,False,Lungs,lungs,False,False,No,no,False,False
11937,102,What is the largest organ in the picture?,Lung,lung,open,text_match,Size,unknown,unknown,unknown,unknown,Lungs,lungs,False,True,Skin,skin,False,False,Lungs,lungs,False,True,Lungs,lungs,False,True,Skin,skin,False,False
11938,102,Does the picture contain liver?,No,no,closed,yes_no,Organ,unknown,unknown,unknown,unknown,No,no,True,True,No,no,True,True,No,no,True,True,No,no,True,True,No,no,True,True
11939,102,Does the picture contain lung?,Yes,yes,closed,yes_no,Organ,unknown,unknown,unknown,unknown,Yes.,yes,True,True,No,no,False,False,Yes.,yes,True,True,Yes.,yes,True,True,No.,no,False,False
11940,102,Does the picture contain heart?,No,no,closed,yes_no,Organ,unknown,unknown,unknown,unknown,No,no,True,True,No,no,True,True,No,no,True,True,No,no,True,True,No.,no,True,True
11941,102,What diseases are included in the picture?,Lung Cancer,lung cancer,open,text_match,Abnormality,unknown,unknown,unknown,unknown,No,no,False,False,No,no,False,False,No,no,False,False,No,no,False,False,No,no,False,False
11942,102,Is the lung healthy?,No,no,closed,yes_no,Abnormality,unknown,unknown,unknown,unknown,No.,no,True,True,No.,no,True,True,No.,no,True,True,No.,no,True,True,No.,no,True,True
11943,102,Where is/are the abnormality located?,"Left Lung, Right",left lung right,open,text_match,Position,unknown,unknown,unknown,unknown,Left lung,left lung,False,True,No,no,False,False,Left lung,left lung,False,True,Lungs,lungs,False,False,Head,head,False,False
11944,102,"Which is the biggest in this image,lung,liver or heart?",Lung,lung,closed,text_match,Size,unknown,unknown,unknown,unknown,Lung,lung,True,True,Liver,liver,False,False,Lung,lung,True,True,Lung,lung,True,True,Lung,lung,True,True
11945,103,What modality is used to take this image?,CT,ct,open,text_match,Modality,unknown,unknown,unknown,unknown,CT,ct,True,True,MRI,mri,False,False,CT,ct,True,True,CT,ct,True,True,MRI,mri,False,False
11946,103,Which part of the body does this image belong to?,Chest,chest,open,text_match,Position,unknown,unknown,unknown,unknown,Thorax,thorax,False,False,Head,head,False,False,Thorax,thorax,False,False,Torso,torso,False,False,Head,head,False,False
11947,103,What is the main organ in the image?,Lung,lung,open,text_match,Organ,unknown,unknown,unknown,unknown,Lung,lung,True,True,No,no,False,False,Heart,heart,False,False,Heart,heart,False,False,No,no,False,False
11948,103,What is the largest organ in the picture?,Lung,lung,open,text_match,Size,unknown,unknown,unknown,unknown,Lungs,lungs,False,True,Skin,skin,False,False,Liver,liver,False,False,Lung,lung,True,True,Skin,skin,False,False
11949,103,Does the picture contain liver?,No,no,closed,yes_no,Organ,unknown,unknown,unknown,unknown,Yes.,yes,False,False,No,no,True,True,Yes.,yes,False,False,No,no,True,True,No.,no,True,True
11950,103,Does the picture contain lung?,Yes,yes,closed,yes_no,Organ,unknown,unknown,unknown,unknown,Yes.,yes,True,True,No,no,False,False,Yes.,yes,True,True,Yes.,yes,True,True,No,no,False,False
11951,103,What diseases are included in the picture?,Lung Cancer,lung cancer,open,text_match,Abnormality,unknown,unknown,unknown,unknown,No,no,False,False,No,no,False,False,No,no,False,False,No,no,False,False,No,no,False,False
11952,103,Is the lung healthy?,No,no,closed,yes_no,Abnormality,unknown,unknown,unknown,unknown,No.,no,True,True,No.,no,True,True,No.,no,True,True,No.,no,True,True,No.,no,True,True
11953,103,Where is/are the abnormality located?,"Left Lung, Right",left lung right,open,text_match,Position,unknown,unknown,unknown,unknown,Thorax,thorax,False,False,No,no,False,False,Thorax,thorax,False,False,Thorax,thorax,False,False,Head,head,False,False
11954,103,"Which is the biggest in this image,lung,liver or heart?",Lung,lung,closed,text_match,Size,unknown,unknown,unknown,unknown,Lung,lung,True,True,Liver,liver,False,False,Heart,heart,False,False,Lung,lung,True,True,Lung,lung,True,True
11955,105,What modality is used to take this image?,CT,ct,open,text_match,Modality,unknown,unknown,unknown,unknown,CT,ct,True,True,MRI,mri,False,False,CT,ct,True,True,CT,ct,True,True,MRI,mri,False,False
11956,105,Which part of the body does this image belong to?,Chest,chest,open,text_match,Position,unknown,unknown,unknown,unknown,Thorax,thorax,False,False,Head,head,False,False,Thorax,thorax,False,False,Thorax,thorax,False,False,Head,head,False,False
11957,105,What is the main organ in the image?,Lung,lung,open,text_match,Organ,unknown,unknown,unknown,unknown,Lung,lung,True,True,No,no,False,False,Lung,lung,True,True,Lungs,lungs,False,True,No,no,False,False
11958,105,What is the largest organ in the picture?,Lung,lung,open,text_match,Size,unknown,unknown,unknown,unknown,Lung,lung,True,True,Skin,skin,False,False,Lungs,lungs,False,True,Lungs,lungs,False,True,Skin,skin,False,False
11959,105,Does the picture contain liver?,No,no,closed,yes_no,Organ,unknown,unknown,unknown,unknown,No,no,True,True,No,no,True,True,No,no,True,True,No,no,True,True,No,no,True,True
11960,105,Does the picture contain lung?,Yes,yes,closed,yes_no,Organ,unknown,unknown,unknown,unknown,Yes.,yes,True,True,No,no,False,False,Yes.,yes,True,True,Yes.,yes,True,True,No.,no,False,False
11961,105,Does the picture contain heart?,No,no,closed,yes_no,Organ,unknown,unknown,unknown,unknown,No,no,True,True,No,no,True,True,No,no,True,True,No,no,True,True,No.,no,True,True
11962,105,What diseases are included in the picture?,Lung Cancer,lung cancer,open,text_match,Abnormality,unknown,unknown,unknown,unknown,No,no,False,False,No,no,False,False,No,no,False,False,No,no,False,False,No,no,False,False
11963,105,Is the lung healthy?,No,no,closed,yes_no,Abnormality,unknown,unknown,unknown,unknown,No.,no,True,True,No.,no,True,True,No.,no,True,True,No,no,True,True,No.,no,True,True
11964,105,Where is/are the abnormality located?,"Right Lung, Left",right lung left,open,text_match,Position,unknown,unknown,unknown,unknown,Left lung,left lung,False,False,No,no,False,False,Left lung,left lung,False,False,Lung,lung,False,True,Abdomen,abdomen,False,False
11965,124,What modality is used to take this image?,X-Ray,xray,open,text_match,Modality,unknown,unknown,unknown,unknown,X-ray,xray,True,True,MRI,mri,False,False,X-ray,xray,True,True,X-ray,xray,True,True,MRI,mri,False,False
11966,124,Which part of the body does this image belong to?,Chest,chest,open,text_match,Position,unknown,unknown,unknown,unknown,Chest,chest,True,True,Head,head,False,False,Chest,chest,True,True,Chest,chest,True,True,Skin,skin,False,False
11967,124,What is the largest organ in the picture?,Lung,lung,open,text_match,Size,unknown,unknown,unknown,unknown,Lungs,lungs,False,True,Skin,skin,False,False,Lungs,lungs,False,True,Lungs,lungs,False,True,Skin,skin,False,False
11968,124,What diseases are included in the picture?,Cardiomegaly,cardiomegaly,open,text_match,Abnormality,unknown,unknown,unknown,unknown,No,no,False,False,No,no,False,False,No,no,False,False,No,no,False,False,No,no,False,False
11969,124,Where is/are the abnormality located?,Center,center,open,text_match,Position,unknown,unknown,unknown,unknown,Left lung,left lung,False,False,Left lung,left lung,False,False,Left lung,left lung,False,False,Left lung,left lung,False,False,No,no,False,False
11970,124,Are there abnormalities in this image?,Yes,yes,closed,yes_no,Abnormality,unknown,unknown,unknown,unknown,Yes.,yes,True,True,No,no,False,False,Yes.,yes,True,True,Yes.,yes,True,True,Yes.,yes,True,True
11971,124,"Which organ is abnormal, heart or lung?",Heart,heart,closed,text_match,Abnormality,unknown,unknown,unknown,unknown,Lung,lung,False,False,Heart,heart,True,True,Lung,lung,False,False,Lung,lung,False,False,Lung,lung,False,False
11972,13,What modality is used to take this image?,MRI,mri,open,text_match,Modality,unknown,unknown,unknown,unknown,MRI,mri,True,True,MRI,mri,True,True,MRI,mri,True,True,MRI,mri,True,True,MRI,mri,True,True
11973,13,Which part of the body does this image belong to?,Abdomen,abdomen,open,text_match,Position,unknown,unknown,unknown,unknown,Liver,liver,False,False,Head,head,False,False,Liver,liver,False,False,Abdomen,abdomen,True,True,Head,head,False,False
11974,13,What is the mr weighting in this image?,T2,t2,open,text_match,Modality,unknown,unknown,unknown,unknown,T2-weighted,t2weighted,False,True,T1,t1,False,False,T2-weighted,t2weighted,False,True,T2-weighted,t2weighted,False,True,T1,t1,False,False
11975,13,Is there any abnormality in the spleen?,No,no,closed,yes_no,Abnormality,unknown,unknown,unknown,unknown,Yes.,yes,False,False,No,no,True,True,No.,no,True,True,Yes.,yes,False,False,No,no,True,True
11976,13,Does the liver look normal?,Yes,yes,closed,yes_no,Abnormality,unknown,unknown,unknown,unknown,No.,no,False,False,No.,no,False,False,No.,no,False,False,No.,no,False,False,No.,no,False,False
11977,13,Does the picture contain liver?,Yes,yes,closed,yes_no,Organ,unknown,unknown,unknown,unknown,Yes.,yes,True,True,No,no,False,False,Yes.,yes,True,True,Yes.,yes,True,True,No.,no,False,False
11978,13,Does the picture contain kidney?,No,no,closed,yes_no,Organ,unknown,unknown,unknown,unknown,No.,no,True,True,No,no,True,True,No.,no,True,True,Yes.,yes,False,False,No.,no,True,True
11979,13,Does the picture contain spleen?,Yes,yes,closed,yes_no,Organ,unknown,unknown,unknown,unknown,No.,no,False,False,No,no,False,False,Yes.,yes,True,True,Yes.,yes,True,True,No.,no,False,False
11980,130,What modality is used to take this image?,X-Ray,xray,open,text_match,Modality,unknown,unknown,unknown,unknown,X-ray,xray,True,True,MRI,mri,False,False,X-ray,xray,True,True,X-ray,xray,True,True,MRI,mri,False,False
11981,130,Which part of the body does this image belong to?,Chest,chest,open,text_match,Position,unknown,unknown,unknown,unknown,Chest,chest,True,True,Head,head,False,False,Chest,chest,True,True,Chest,chest,True,True,Brain,brain,False,False
11982,130,Are there abnormalities in this image?,Yes,yes,closed,yes_no,Abnormality,unknown,unknown,unknown,unknown,Yes.,yes,True,True,No,no,False,False,Yes.,yes,True,True,Yes.,yes,True,True,Yes.,yes,True,True
11983,130,What is the largest organ in the picture?,Lung,lung,open,text_match,Size,unknown,unknown,unknown,unknown,Lungs,lungs,False,True,Skin,skin,False,False,Lungs,lungs,False,True,Lung,lung,True,True,Skin,skin,False,False
11984,130,What diseases are included in the picture?,Pneumonia,pneumonia,open,text_match,Abnormality,unknown,unknown,unknown,unknown,No,no,False,False,No,no,False,False,No,no,False,False,No,no,False,False,No,no,False,False
11985,130,Where is/are the abnormality located?,"Left Lung, Lower Right",left lung lower right,open,text_match,Position,unknown,unknown,unknown,unknown,Left lung,left lung,False,True,Left lung,left lung,False,True,Left lung,left lung,False,True,Left lung,left lung,False,True,Left lung,left lung,False,True
11986,130,Does the lung look healthy?,No,no,closed,yes_no,Abnormality,unknown,unknown,unknown,unknown,No,no,True,True,No.,no,True,True,No.,no,True,True,No.,no,True,True,No,no,True,True
11987,135,What modality is used to take this image?,X-Ray,xray,open,text_match,Modality,unknown,unknown,unknown,unknown,X-ray,xray,True,True,MRI,mri,False,False,X-ray,xray,True,True,CT,ct,False,False,MRI,mri,False,False
11988,135,Which part of the body does this image belong to?,Chest,chest,open,text_match,Position,unknown,unknown,unknown,unknown,Chest,chest,True,True,Head,head,False,False,Chest,chest,True,True,Chest,chest,True,True,Skin,skin,False,False
11989,135,Are there abnormalities in this image?,Yes,yes,closed,yes_no,Abnormality,unknown,unknown,unknown,unknown,No,no,False,False,No,no,False,False,No,no,False,False,No,no,False,False,No,no,False,False
11990,135,What is the largest organ in the picture?,Lung,lung,open,text_match,Size,unknown,unknown,unknown,unknown,Liver,liver,False,False,Skin,skin,False,False,Lungs,lungs,False,True,Lungs,lungs,False,True,Skin,skin,False,False
11991,135,What diseases are included in the picture?,Cardiomegaly,cardiomegaly,open,text_match,Abnormality,unknown,unknown,unknown,unknown,No,no,False,False,No,no,False,False,No,no,False,False,No,no,False,False,No,no,False,False
11992,135,Where is/are the abnormality located?,Center,center,open,text_match,Position,unknown,unknown,unknown,unknown,Left lung,left lung,False,False,Left lung,left lung,False,False,Right lung,right lung,False,False,Left lung,left lung,False,False,No,no,False,False
11993,135,"Which organ is abnormal, heart or lung?",Heart,heart,closed,text_match,Abnormality,unknown,unknown,unknown,unknown,Heart,heart,True,True,Heart,heart,True,True,Lung,lung,False,False,Lung,lung,False,False,Lung,lung,False,False
11994,142,What modality is used to take this image?,X-Ray,xray,open,text_match,Modality,unknown,unknown,unknown,unknown,X-ray,xray,True,True,MRI,mri,False,False,X-ray,xray,True,True,X-ray,xray,True,True,MRI,mri,False,False
11995,142,Which part of the body does this image belong to?,Chest,chest,open,text_match,Position,unknown,unknown,unknown,unknown,Chest,chest,True,True,Head,head,False,False,Chest,chest,True,True,Chest,chest,True,True,Skin,skin,False,False
11996,142,Are there abnormalities in this image?,Yes,yes,closed,yes_no,Abnormality,unknown,unknown,unknown,unknown,Yes.,yes,True,True,No,no,False,False,Yes.,yes,True,True,Yes.,yes,True,True,No,no,False,False
11997,142,What is the largest organ in the picture?,Lung,lung,open,text_match,Size,unknown,unknown,unknown,unknown,Lungs,lungs,False,True,Skin,skin,False,False,Lungs,lungs,False,True,Lungs,lungs,False,True,Skin,skin,False,False
11998,142,What diseases are included in the picture?,Cardiomegaly,cardiomegaly,open,text_match,Abnormality,unknown,unknown,unknown,unknown,No,no,False,False,No,no,False,False,No,no,False,False,No,no,False,False,No,no,False,False
11999,142,Where is/are the abnormality located?,Center,center,open,text_match,Position,unknown,unknown,unknown,unknown,Left lung,left lung,False,False,Left lung,left lung,False,False,Right lung,right lung,False,False,Left lung,left lung,False,False,No,no,False,False
12000,142,"Which organ is abnormal, heart or lung?",Heart,heart,closed,text_match,Abnormality,unknown,unknown,unknown,unknown,Lung,lung,False,False,Heart,heart,True,True,Lung,lung,False,False,Lung,lung,False,False,Lung,lung,False,False
12001,147,What modality is used to take this image?,X-Ray,xray,open,text_match,Modality,unknown,unknown,unknown,unknown,X-ray,xray,True,True,MRI,mri,False,False,X-ray,xray,True,True,X-ray,xray,True,True,MRI,mri,False,False
12002,147,Which part of the body does this image belong to?,Chest,chest,open,text_match,Position,unknown,unknown,unknown,unknown,Chest,chest,True,True,Head,head,False,False,Chest,chest,True,True,Thorax,thorax,False,False,Head,head,False,False
12003,147,Are there abnormalities in this image?,Yes,yes,closed,yes_no,Abnormality,unknown,unknown,unknown,unknown,Yes.,yes,True,True,No,no,False,False,Yes.,yes,True,True,No,no,False,False,Yes.,yes,True,True
12004,147,What is the largest organ in the picture?,Lung,lung,open,text_match,Size,unknown,unknown,unknown,unknown,Lungs,lungs,False,True,Skin,skin,False,False,Lung,lung,True,True,Lungs,lungs,False,True,Skin,skin,False,False
12005,147,What diseases are included in the picture?,"Atelectasis, Mass",atelectasis mass,open,text_match,Abnormality,unknown,unknown,unknown,unknown,Pneumonia,pneumonia,False,False,No,no,False,False,No,no,False,False,No,no,False,False,No,no,False,False
12006,147,Where is/are the abnormality located?,Right Lung,right lung,open,text_match,Position,unknown,unknown,unknown,unknown,Right lung,right lung,True,True,Left lung,left lung,False,False,Right lung,right lung,True,True,Right shoulder,right shoulder,False,False,Left lung,left lung,False,False
12007,147,Is the lung healthy?,No,no,closed,yes_no,Abnormality,unknown,unknown,unknown,unknown,No,no,True,True,No,no,True,True,No,no,True,True,No,no,True,True,No,no,True,True
12008,147,"Which organ is abnormal, heart or lung?",Lung,lung,closed,text_match,Abnormality,unknown,unknown,unknown,unknown,Lung,lung,True,True,Heart,heart,False,False,Lung,lung,True,True,Lung,lung,True,True,Lung,lung,True,True
12009,148,What modality is used to take this image?,X-Ray,xray,open,text_match,Modality,unknown,unknown,unknown,unknown,X-ray,xray,True,True,MRI,mri,False,False,X-ray,xray,True,True,X-ray,xray,True,True,MRI,mri,False,False
12010,148,Which part of the body does this image belong to?,Chest,chest,open,text_match,Position,unknown,unknown,unknown,unknown,Chest,chest,True,True,Head,head,False,False,Chest,chest,True,True,Chest,chest,True,True,Head,head,False,False
12011,148,Are there abnormalities in this image?,Yes,yes,closed,yes_no,Abnormality,unknown,unknown,unknown,unknown,No,no,False,False,No,no,False,False,No,no,False,False,No,no,False,False,Yes.,yes,True,True
12012,148,What is the largest organ in the picture?,Lung,lung,open,text_match,Size,unknown,unknown,unknown,unknown,Lungs,lungs,False,True,Skin,skin,False,False,Lungs,lungs,False,True,Lungs,lungs,False,True,Skin,skin,False,False
12013,148,What diseases are included in the picture?,Cardiomegaly,cardiomegaly,open,text_match,Abnormality,unknown,unknown,unknown,unknown,No,no,False,False,No,no,False,False,No,no,False,False,No,no,False,False,No,no,False,False
12014,148,Where is/are the abnormality located?,Center,center,open,text_match,Position,unknown,unknown,unknown,unknown,Right lung,right lung,False,False,Left lung,left lung,False,False,Right lung,right lung,False,False,Right lung,right lung,False,False,No,no,False,False
12015,148,"Which organ is abnormal, heart or lung?",Heart,heart,closed,text_match,Abnormality,unknown,unknown,unknown,unknown,Lung,lung,False,False,Heart,heart,True,True,Lung,lung,False,False,Lung,lung,False,False,Lung,lung,False,False
12016,152,What modality is used to take this image?,X-Ray,xray,open,text_match,Modality,unknown,unknown,unknown,unknown,X-ray,xray,True,True,MRI,mri,False,False,X-ray,xray,True,True,CT,ct,False,False,MRI,mri,False,False
12017,152,Which part of the body does this image belong to?,Chest,chest,open,text_match,Position,unknown,unknown,unknown,unknown,Chest,chest,True,True,Head,head,False,False,Chest,chest,True,True,Chest,chest,True,True,Head,head,False,False
12018,152,Are there abnormalities in this image?,Yes,yes,closed,yes_no,Abnormality,unknown,unknown,unknown,unknown,Yes.,yes,True,True,No,no,False,False,Yes.,yes,True,True,No,no,False,False,Yes.,yes,True,True
12019,152,What is the largest organ in the picture?,Lung,lung,open,text_match,Size,unknown,unknown,unknown,unknown,Liver,liver,False,False,Skin,skin,False,False,Lungs,lungs,False,True,Liver,liver,False,False,Skin,skin,False,False
12020,152,What diseases are included in the picture?,Cardiomegaly,cardiomegaly,open,text_match,Abnormality,unknown,unknown,unknown,unknown,No,no,False,False,No,no,False,False,No,no,False,False,No,no,False,False,No,no,False,False
12021,152,Where is/are the abnormality located?,Center,center,open,text_match,Position,unknown,unknown,unknown,unknown,Left lung,left lung,False,False,Left lung,left lung,False,False,Left lung,left lung,False,False,Thorax,thorax,False,False,No,no,False,False
12022,152,"Which organ is abnormal, heart or lung?",Heart,heart,closed,text_match,Abnormality,unknown,unknown,unknown,unknown,Lung,lung,False,False,Heart,heart,True,True,Lung,lung,False,False,Lung,lung,False,False,Lung,lung,False,False
12023,159,What modality is used to take this image?,X-Ray,xray,open,text_match,Modality,unknown,unknown,unknown,unknown,X-ray,xray,True,True,MRI,mri,False,False,X-ray,xray,True,True,X-ray,xray,True,True,MRI,mri,False,False
12024,159,Which part of the body does this image belong to?,Chest,chest,open,text_match,Position,unknown,unknown,unknown,unknown,Chest,chest,True,True,Head,head,False,False,Chest,chest,True,True,Chest,chest,True,True,Skin,skin,False,False
12025,159,Does this image look normal?,No,no,closed,yes_no,Abnormality,unknown,unknown,unknown,unknown,No.,no,True,True,No.,no,True,True,No,no,True,True,No,no,True,True,No.,no,True,True
12026,159,What is the largest organ in the picture?,Lung,lung,open,text_match,Size,unknown,unknown,unknown,unknown,Lungs,lungs,False,True,Skin,skin,False,False,Lungs,lungs,False,True,Lungs,lungs,False,True,Skin,skin,False,False
12027,159,What diseases are included in the picture?,Nodule,nodule,open,text_match,Abnormality,unknown,unknown,unknown,unknown,No,no,False,True,No,no,False,True,No,no,False,True,No,no,False,True,No,no,False,True
12028,159,Where is/are the abnormality located?,"Left Lung, Right",left lung right,open,text_match,Position,unknown,unknown,unknown,unknown,Left lung,left lung,False,True,Left lung,left lung,False,True,Left lung,left lung,False,True,Left lung,left lung,False,True,No,no,False,False
12029,159,Is the lung healthy?,No,no,closed,yes_no,Abnormality,unknown,unknown,unknown,unknown,No,no,True,True,No,no,True,True,No,no,True,True,No,no,True,True,No,no,True,True
12030,159,"Which organ is abnormal, heart or lung?",Lung,lung,closed,text_match,Abnormality,unknown,unknown,unknown,unknown,Lung,lung,True,True,Heart,heart,False,False,Lung,lung,True,True,Lung,lung,True,True,Lung,lung,True,True
12031,160,What modality is used to take this image?,X-Ray,xray,open,text_match,Modality,unknown,unknown,unknown,unknown,X-ray,xray,True,True,MRI,mri,False,False,X-ray,xray,True,True,CT,ct,False,False,MRI,mri,False,False
12032,160,Which part of the body does this image belong to?,Chest,chest,open,text_match,Position,unknown,unknown,unknown,unknown,Chest,chest,True,True,Head,head,False,False,Chest,chest,True,True,Chest,chest,True,True,Skin,skin,False,False
12033,160,What is the largest organ in the picture?,Lung,lung,open,text_match,Size,unknown,unknown,unknown,unknown,Lungs,lungs,False,True,Skin,skin,False,False,Lungs,lungs,False,True,Lungs,lungs,False,True,Skin,skin,False,False
12034,160,What diseases are included in the picture?,Nodule,nodule,open,text_match,Abnormality,unknown,unknown,unknown,unknown,No,no,False,True,No,no,False,True,No,no,False,True,No,no,False,True,No,no,False,True
12035,160,Where is/are the abnormality located?,"Right Lung, Left",right lung left,open,text_match,Position,unknown,unknown,unknown,unknown,Right lung,right lung,False,True,Left lung,left lung,False,False,Right lung,right lung,False,True,Left lung,left lung,False,False,No,no,False,False
12036,160,Does this image look normal?,No,no,closed,yes_no,Abnormality,unknown,unknown,unknown,unknown,No.,no,True,True,No.,no,True,True,No.,no,True,True,No.,no,True,True,No.,no,True,True
12037,160,Is the lung healthy?,No,no,closed,yes_no,Abnormality,unknown,unknown,unknown,unknown,No,no,True,True,No,no,True,True,No.,no,True,True,No,no,True,True,No,no,True,True
12038,160,"Which organ is abnormal, heart or lung?",Lung,lung,closed,text_match,Abnormality,unknown,unknown,unknown,unknown,Lung,lung,True,True,Heart,heart,False,False,Lung,lung,True,True,Lung,lung,True,True,Lung,lung,True,True
12039,169,What modality is used to take this image?,X-Ray,xray,open,text_match,Modality,unknown,unknown,unknown,unknown,X-ray,xray,True,True,MRI,mri,False,False,X-ray,xray,True,True,X-ray,xray,True,True,MRI,mri,False,False
12040,169,Which part of the body does this image belong to?,Chest,chest,open,text_match,Position,unknown,unknown,unknown,unknown,Chest,chest,True,True,Head,head,False,False,Chest,chest,True,True,Chest,chest,True,True,Head,head,False,False
12041,169,Does this image look normal?,No,no,closed,yes_no,Abnormality,unknown,unknown,unknown,unknown,No.,no,True,True,No.,no,True,True,No,no,True,True,No.,no,True,True,No.,no,True,True
12042,169,What is the largest organ in the picture?,Lung,lung,open,text_match,Size,unknown,unknown,unknown,unknown,Lungs,lungs,False,True,Skin,skin,False,False,Lungs,lungs,False,True,Lungs,lungs,False,True,Skin,skin,False,False
12043,169,What diseases are included in the picture?,Atelectasis,atelectasis,open,text_match,Abnormality,unknown,unknown,unknown,unknown,No,no,False,False,No,no,False,False,No,no,False,False,No,no,False,False,No,no,False,False
12044,169,Where is/are the abnormality located?,"Right Lung, Lower Left",right lung lower left,open,text_match,Position,unknown,unknown,unknown,unknown,Left lung,left lung,False,False,Left lung,left lung,False,False,Left lung,left lung,False,False,Left side,left side,False,False,Left lung,left lung,False,False
12045,169,Is the lung healthy?,No,no,closed,yes_no,Abnormality,unknown,unknown,unknown,unknown,No,no,True,True,No,no,True,True,No,no,True,True,No,no,True,True,No,no,True,True
12046,169,"Which organ is abnormal, heart or lung?",Lung,lung,closed,text_match,Abnormality,unknown,unknown,unknown,unknown,Lung,lung,True,True,Heart,heart,False,False,Lung,lung,True,True,Lung,lung,True,True,Lung,lung,True,True
12047,173,What modality is used to take this image?,X-Ray,xray,open,text_match,Modality,unknown,unknown,unknown,unknown,X-ray,xray,True,True,MRI,mri,False,False,X-ray,xray,True,True,CT,ct,False,False,MRI,mri,False,False
12048,173,Which part of the body does this image belong to?,Chest,chest,open,text_match,Position,unknown,unknown,unknown,unknown,Chest,chest,True,True,Head,head,False,False,Chest,chest,True,True,Head,head,False,False,Eye,eye,False,False
12049,173,What is the largest organ in the picture?,Lung,lung,open,text_match,Size,unknown,unknown,unknown,unknown,Lung,lung,True,True,Skin,skin,False,False,Lung,lung,True,True,Liver,liver,False,False,Skin,skin,False,False
12050,173,What diseases are included in the picture?,Pneumonia,pneumonia,open,text_match,Abnormality,unknown,unknown,unknown,unknown,No,no,False,False,No,no,False,False,No,no,False,False,No,no,False,False,No,no,False,False
12051,173,Where is/are the abnormality located?,"Left Lung, Right",left lung right,open,text_match,Position,unknown,unknown,unknown,unknown,Left lung,left lung,False,True,Left lung,left lung,False,True,Left lung,left lung,False,True,Left side,left side,False,False,No,no,False,False
12052,173,Is the lung healthy?,No,no,closed,yes_no,Abnormality,unknown,unknown,unknown,unknown,No,no,True,True,No,no,True,True,No,no,True,True,No,no,True,True,No,no,True,True
12053,173,Are there abnormalities in this image?,Yes,yes,closed,yes_no,Abnormality,unknown,unknown,unknown,unknown,Yes.,yes,True,True,No,no,False,False,Yes.,yes,True,True,Yes.,yes,True,True,Yes.,yes,True,True
12054,173,"Which organ is abnormal, heart or lung?",Lung,lung,closed,text_match,Abnormality,unknown,unknown,unknown,unknown,Lung,lung,True,True,Heart,heart,False,False,Lung,lung,True,True,Lung,lung,True,True,Lung,lung,True,True
12055,18,What modality is used to take this image?,MRI,mri,open,text_match,Modality,unknown,unknown,unknown,unknown,MRI,mri,True,True,MRI,mri,True,True,MRI,mri,True,True,MRI,mri,True,True,MRI,mri,True,True
12056,18,Which part of the body does this image belong to?,Abdomen,abdomen,open,text_match,Position,unknown,unknown,unknown,unknown,Abdomen,abdomen,True,True,Head,head,False,False,Abdomen,abdomen,True,True,Abdomen,abdomen,True,True,Head,head,False,False
12057,18,What is the mr weighting in this image?,T2,t2,open,text_match,Modality,unknown,unknown,unknown,unknown,T2-weighted,t2weighted,False,True,T1,t1,False,False,T2-weighted,t2weighted,False,True,T2-weighted,t2weighted,False,True,T2-weighted,t2weighted,False,True
12058,18,How many kidneys are there in this image?,1,1,open,text_match,Quantity,unknown,unknown,unknown,unknown,Two,two,False,False,Two,two,False,False,Two,two,False,False,Two,two,False,False,Two,two,False,False
12059,18,What is the largest organ in the picture?,Liver,liver,open,text_match,Size,unknown,unknown,unknown,unknown,Liver,liver,True,True,Skin,skin,False,False,Liver,liver,True,True,Liver,liver,True,True,No,no,False,False
12060,18,Does the picture contain liver?,Yes,yes,closed,yes_no,Organ,unknown,unknown,unknown,unknown,Yes.,yes,True,True,No,no,False,False,Yes.,yes,True,True,Yes.,yes,True,True,Yes.,yes,True,True
12061,18,Does the picture contain kidney?,Yes,yes,closed,yes_no,Organ,unknown,unknown,unknown,unknown,Yes.,yes,True,True,No,no,False,False,Yes.,yes,True,True,Yes.,yes,True,True,Yes.,yes,True,True
12062,18,Does the picture contain spleen?,Yes,yes,closed,yes_no,Organ,unknown,unknown,unknown,unknown,Yes.,yes,True,True,No,no,False,False,Yes.,yes,True,True,No.,no,False,False,Yes.,yes,True,True
12063,18,Does the liver look normal ?,Yes,yes,closed,yes_no,Abnormality,unknown,unknown,unknown,unknown,Yes.,yes,True,True,No.,no,False,False,No.,no,False,False,Yes.,yes,True,True,No.,no,False,False
12064,18,Does the kidney look abnormal?,No,no,closed,yes_no,Abnormality,unknown,unknown,unknown,unknown,Yes.,yes,False,False,Yes.,yes,False,False,Yes.,yes,False,False,Yes.,yes,False,False,Yes.,yes,False,False
12065,18,Do the spleen look abnormal?,No,no,closed,yes_no,Abnormality,unknown,unknown,unknown,unknown,No,no,True,True,No,no,True,True,Yes.,yes,False,False,No,no,True,True,Yes.,yes,False,False
12066,185,What modality is used to take this image?,X-Ray,xray,open,text_match,Modality,unknown,unknown,unknown,unknown,X-ray,xray,True,True,MRI,mri,False,False,X-ray,xray,True,True,X-ray,xray,True,True,MRI,mri,False,False
12067,185,Which part of the body does this image belong to?,Chest,chest,open,text_match,Position,unknown,unknown,unknown,unknown,Chest,chest,True,True,Head,head,False,False,Chest,chest,True,True,Torso,torso,False,False,Head,head,False,False
12068,185,Does this image look abnormal?,Yes,yes,closed,yes_no,Abnormality,unknown,unknown,unknown,unknown,Yes.,yes,True,True,Yes.,yes,True,True,Yes.,yes,True,True,Yes.,yes,True,True,Yes.,yes,True,True
12069,185,What is the largest organ in the picture?,Lung,lung,open,text_match,Size,unknown,unknown,unknown,unknown,Lungs,lungs,False,True,Skin,skin,False,False,Lungs,lungs,False,True,Lungs,lungs,False,True,Skin,skin,False,False
12070,185,What diseases are included in the picture?,Pneumothorax,pneumothorax,open,text_match,Abnormality,unknown,unknown,unknown,unknown,No,no,False,False,No,no,False,False,No,no,False,False,No,no,False,False,No,no,False,False
12071,185,Where is/are the abnormality located?,"Right Lung, Left",right lung left,open,text_match,Position,unknown,unknown,unknown,unknown,Left lung,left lung,False,False,Left lung,left lung,False,False,Right lung,right lung,False,True,Right shoulder,right shoulder,False,False,No,no,False,False
12072,185,Is the lung healthy?,No,no,closed,yes_no,Abnormality,unknown,unknown,unknown,unknown,No,no,True,True,No,no,True,True,No,no,True,True,No,no,True,True,No,no,True,True
12073,185,Are there abnormalities in this image?,Yes,yes,closed,yes_no,Abnormality,unknown,unknown,unknown,unknown,Yes.,yes,True,True,No,no,False,False,Yes.,yes,True,True,Yes.,yes,True,True,Yes.,yes,True,True
12074,185,"Which organ is abnormal, heart or lung?",Lung,lung,closed,text_match,Abnormality,unknown,unknown,unknown,unknown,Heart,heart,False,False,Heart,heart,False,False,Lung,lung,True,True,Lung,lung,True,True,Lung,lung,True,True
12075,208,What modality is used to take this image?,CT,ct,open,text_match,Modality,unknown,unknown,unknown,unknown,CT,ct,True,True,MRI,mri,False,False,CT,ct,True,True,CT,ct,True,True,MRI,mri,False,False
12076,208,Which part of the body does this image belong to?,Abdomen,abdomen,open,text_match,Position,unknown,unknown,unknown,unknown,Abdomen,abdomen,True,True,Head,head,False,False,Abdomen,abdomen,True,True,Abdomen,abdomen,True,True,Head,head,False,False
12077,208,What is the largest organ in the picture?,Liver,liver,open,text_match,Size,unknown,unknown,unknown,unknown,Liver,liver,True,True,Skin,skin,False,False,Liver,liver,True,True,Kidney,kidney,False,False,Skin,skin,False,False
12078,208,Does the picture contain liver?,Yes,yes,closed,yes_no,Organ,unknown,unknown,unknown,unknown,Yes.,yes,True,True,No,no,False,False,Yes.,yes,True,True,Yes.,yes,True,True,No.,no,False,False
12079,208,Does the picture contain kidney?,Yes,yes,closed,yes_no,Organ,unknown,unknown,unknown,unknown,Yes.,yes,True,True,No,no,False,False,Yes.,yes,True,True,Yes.,yes,True,True,No.,no,False,False
12080,208,Does the picture contain spleen?,No,no,closed,yes_no,Organ,unknown,unknown,unknown,unknown,Yes.,yes,False,False,No,no,True,True,No,no,True,True,No,no,True,True,No.,no,True,True
12081,208,Does the picture contain lung?,No,no,closed,yes_no,Organ,unknown,unknown,unknown,unknown,No,no,True,True,No,no,True,True,No,no,True,True,No,no,True,True,Yes.,yes,False,False
12082,208,Does the picture contain heart?,No,no,closed,yes_no,Organ,unknown,unknown,unknown,unknown,No,no,True,True,No,no,True,True,No,no,True,True,No,no,True,True,No,no,True,True
12083,208,Where is the liver?,Left,left,open,text_match,Position,unknown,unknown,unknown,unknown,Right side,right side,False,False,Right upper quadrant,right upper quadrant,False,False,Right side,right side,False,False,Right side,right side,False,False,Abdomen,abdomen,False,False
12084,208,How many kidneys in this image?,2,2,open,text_match,Quantity,unknown,unknown,unknown,unknown,Two,two,False,False,0,0,False,False,Two,two,False,False,Two,two,False,False,Two,two,False,False
12085,208,Is the liver healthy?,Yes,yes,closed,yes_no,Abnormality,unknown,unknown,unknown,unknown,No,no,False,False,No.,no,False,False,No,no,False,False,No,no,False,False,No,no,False,False
12086,208,"Which is bigger in this image, kidney or liver?",Liver,liver,closed,text_match,Size,unknown,unknown,unknown,unknown,Liver,liver,True,True,Liver,liver,True,True,Liver,liver,True,True,Liver,liver,True,True,Liver,liver,True,True
12087,208,What is the organ located in the lower right corner of the body in this image?,Left Kidney,left kidney,open,text_match,Organ,unknown,unknown,unknown,unknown,Kidney,kidney,False,True,Kidney,kidney,False,True,Kidney,kidney,False,True,Kidney,kidney,False,True,Kidney,kidney,False,True
12088,208,What is the organ on the left side of this image?,Liver,liver,open,text_match,Organ,unknown,unknown,unknown,unknown,Liver,liver,True,True,Kidney,kidney,False,False,Kidney,kidney,False,False,Kidney,kidney,False,False,Kidney,kidney,False,False
12089,208,What is the scanning plane of this image?,Transverse  Plane,transverse plane,open,text_match,Plane,unknown,unknown,unknown,unknown,Axial,axial,False,False,The image provided does not contain any identifiable anatomical structures or features that would allow,the image provided does not contain any identifiable anatomical structures or features that would allow,False,False,Axial,axial,False,False,Axial,axial,False,False,Axial,axial,False,False
12090,219,What modality is used to take this image?,CT,ct,open,text_match,Modality,unknown,unknown,unknown,unknown,CT,ct,True,True,MRI,mri,False,False,CT,ct,True,True,CT,ct,True,True,MRI,mri,False,False
12091,219,Which part of the body does this image belong to?,Abdomen,abdomen,open,text_match,Position,unknown,unknown,unknown,unknown,Thorax,thorax,False,False,Head,head,False,False,Thorax,thorax,False,False,Abdomen,abdomen,True,True,Head,head,False,False
12092,219,Does this image look normal?,Yes,yes,closed,yes_no,Abnormality,unknown,unknown,unknown,unknown,No.,no,False,False,No.,no,False,False,No.,no,False,False,No.,no,False,False,No.,no,False,False
12093,219,How many organs are there in this image?,4,4,open,text_match,Quantity,unknown,unknown,unknown,unknown,Two,two,False,False,0,0,False,False,Two,two,False,False,Two,two,False,False,0,0,False,False
12094,219,What is the largest organ in the picture?,Lung,lung,open,text_match,Size,unknown,unknown,unknown,unknown,Liver,liver,False,False,Skin,skin,False,False,Liver,liver,False,False,Liver,liver,False,False,Skin,skin,False,False
12095,219,Does the picture contain liver?,Yes,yes,closed,yes_no,Organ,unknown,unknown,unknown,unknown,Yes.,yes,True,True,No,no,False,False,Yes.,yes,True,True,Yes.,yes,True,True,Yes.,yes,True,True
12096,219,Does the picture contain kidney?,No,no,closed,yes_no,Organ,unknown,unknown,unknown,unknown,No,no,True,True,No,no,True,True,No,no,True,True,No,no,True,True,No.,no,True,True
12097,219,Does the picture contain spleen?,No,no,closed,yes_no,Organ,unknown,unknown,unknown,unknown,No,no,True,True,No,no,True,True,No,no,True,True,Yes.,yes,False,False,No.,no,True,True
12098,219,Does the picture contain lung?,Yes,yes,closed,yes_no,Organ,unknown,unknown,unknown,unknown,Yes.,yes,True,True,No,no,False,False,Yes.,yes,True,True,Yes.,yes,True,True,Yes.,yes,True,True
12099,219,Does the picture contain heart?,Yes,yes,closed,yes_no,Organ,unknown,unknown,unknown,unknown,Yes.,yes,True,True,No,no,False,False,Yes.,yes,True,True,No,no,False,False,No.,no,False,False
12100,219,Where is the liver?,Top,top,open,text_match,Position,unknown,unknown,unknown,unknown,Right side,right side,False,False,Right upper quadrant,right upper quadrant,False,False,Right side,right side,False,False,Right side,right side,False,False,Abdomen,abdomen,False,False
12101,219,Is the liver healthy?,Yes,yes,closed,yes_no,Abnormality,unknown,unknown,unknown,unknown,No.,no,False,False,No.,no,False,False,No.,no,False,False,Yes.,yes,True,True,No.,no,False,False
12102,219,"Which is the biggest in this image, lung,heart or liver?",Lung,lung,closed,text_match,Size,unknown,unknown,unknown,unknown,Liver,liver,False,False,Liver,liver,False,False,Liver,liver,False,False,Liver,liver,False,False,Liver,liver,False,False
12103,219,What is the rightmost organ in this image?,Left Lung,left lung,open,text_match,Organ,unknown,unknown,unknown,unknown,Liver,liver,False,False,Liver,liver,False,False,Liver,liver,False,False,Liver,liver,False,False,No,no,False,False
12104,219,What is the organ on the left side of this image?,Right Lung,right lung,open,text_match,Organ,unknown,unknown,unknown,unknown,Liver,liver,False,False,Kidney,kidney,False,False,Liver,liver,False,False,Liver,liver,False,False,Kidney,kidney,False,False
12105,219,What is the scanning plane of this image?,Transverse  Plane,transverse plane,open,text_match,Plane,unknown,unknown,unknown,unknown,Axial,axial,False,False,The image provided does not contain any identifiable anatomical structures or features that would allow,the image provided does not contain any identifiable anatomical structures or features that would allow,False,False,Axial,axial,False,False,Axial,axial,False,False,Axial,axial,False,False
12106,224,What modality is used to take this image?,CT,ct,open,text_match,Modality,unknown,unknown,unknown,unknown,CT,ct,True,True,MRI,mri,False,False,CT,ct,True,True,CT,ct,True,True,MRI,mri,False,False
12107,224,Which part of the body does this image belong to?,Abdomen,abdomen,open,text_match,Position,unknown,unknown,unknown,unknown,Abdomen,abdomen,True,True,Head,head,False,False,Abdomen,abdomen,True,True,Abdomen,abdomen,True,True,Head,head,False,False
12108,224,What is the largest organ in the picture?,Liver,liver,open,text_match,Size,unknown,unknown,unknown,unknown,Liver,liver,True,True,Skin,skin,False,False,Liver,liver,True,True,Liver,liver,True,True,Skin,skin,False,False
12109,224,Does the picture contain liver?,Yes,yes,closed,yes_no,Organ,unknown,unknown,unknown,unknown,Yes.,yes,True,True,No,no,False,False,Yes.,yes,True,True,Yes.,yes,True,True,No.,no,False,False
12110,224,Does the picture contain kidney?,No,no,closed,yes_no,Organ,unknown,unknown,unknown,unknown,No,no,True,True,No,no,True,True,No,no,True,True,Yes.,yes,False,False,No.,no,True,True
12111,224,Does the picture contain spleen?,Yes,yes,closed,yes_no,Organ,unknown,unknown,unknown,unknown,Yes.,yes,True,True,No,no,False,False,Yes.,yes,True,True,Yes.,yes,True,True,No.,no,False,False
12112,224,Does the picture contain lung?,Yes,yes,closed,yes_no,Organ,unknown,unknown,unknown,unknown,No,no,False,False,No,no,False,False,Yes.,yes,True,True,No,no,False,False,No,no,False,False
12113,224,Does the picture contain heart?,No,no,closed,yes_no,Organ,unknown,unknown,unknown,unknown,Yes.,yes,False,False,No,no,True,True,No,no,True,True,No,no,True,True,No.,no,True,True
12114,224,Where is the liver?,Left,left,open,text_match,Position,unknown,unknown,unknown,unknown,Right side of the abdomen,right side of the abdomen,False,False,Right upper quadrant,right upper quadrant,False,False,Right side,right side,False,False,Right side,right side,False,False,Right upper quadrant,right upper quadrant,False,False
12115,224,How many kidneys in this image?,0,0,open,text_match,Quantity,unknown,unknown,unknown,unknown,Two,two,False,False,0,0,True,True,Two,two,False,False,Two,two,False,False,0,0,True,True
12116,224,"Which is the biggest in this image, spleen,lung, or liver?",Liver,liver,closed,text_match,Size,unknown,unknown,unknown,unknown,Liver,liver,True,True,Liver,liver,True,True,Liver,liver,True,True,Liver,liver,True,True,Liver,liver,True,True
12117,224,What is the organ on the left side of this image?,Liver,liver,open,text_match,Organ,unknown,unknown,unknown,unknown,Liver,liver,True,True,Kidney,kidney,False,False,Liver,liver,True,True,Liver,liver,True,True,Kidney,kidney,False,False
12118,224,What is the organ on the lower right corner of the body in this image?,Spleen,spleen,open,text_match,Organ,unknown,unknown,unknown,unknown,Liver,liver,False,False,Kidney,kidney,False,False,Kidney,kidney,False,False,Kidney,kidney,False,False,Kidney,kidney,False,False
12119,224,What is the scanning plane of this image?,Transverse  Plane,transverse plane,open,text_match,Plane,unknown,unknown,unknown,unknown,Axial,axial,False,False,The image provided does not contain any identifiable anatomical structures or features that would allow,the image provided does not contain any identifiable anatomical structures or features that would allow,False,False,Axial,axial,False,False,Axial,axial,False,False,Yes.,yes,False,False
12120,234,What modality is used to take this image?,CT,ct,open,text_match,Modality,unknown,unknown,unknown,unknown,CT,ct,True,True,MRI,mri,False,False,MRI,mri,False,False,CT,ct,True,True,MRI,mri,False,False
12121,234,Which part of the body does this image belong to?,Abdomen,abdomen,open,text_match,Position,unknown,unknown,unknown,unknown,Abdomen,abdomen,True,True,Head,head,False,False,Abdomen,abdomen,True,True,Abdomen,abdomen,True,True,Head,head,False,False
12122,234,What is the largest organ in the picture?,Liver,liver,open,text_match,Size,unknown,unknown,unknown,unknown,Liver,liver,True,True,Skin,skin,False,False,Liver,liver,True,True,Liver,liver,True,True,Skin,skin,False,False
12123,234,Does the picture contain liver?,Yes,yes,closed,yes_no,Organ,unknown,unknown,unknown,unknown,Yes.,yes,True,True,No,no,False,False,Yes.,yes,True,True,Yes.,yes,True,True,No.,no,False,False
12124,234,Does the picture contain kidney?,No,no,closed,yes_no,Organ,unknown,unknown,unknown,unknown,Yes.,yes,False,False,No,no,True,True,Yes.,yes,False,False,Yes.,yes,False,False,No.,no,True,True
12125,234,Does the picture contain spleen?,Yes,yes,closed,yes_no,Organ,unknown,unknown,unknown,unknown,Yes.,yes,True,True,No,no,False,False,Yes.,yes,True,True,Yes.,yes,True,True,No.,no,False,False
12126,234,What diseases are included in the picture?,Liver Cancer,liver cancer,open,text_match,Abnormality,unknown,unknown,unknown,unknown,No,no,False,False,No,no,False,False,No,no,False,False,No,no,False,False,No,no,False,False
12127,234,Where is the liver?,Left and top,left and top,open,text_match,Position,unknown,unknown,unknown,unknown,Right side,right side,False,False,Right upper quadrant,right upper quadrant,False,False,Right side,right side,False,False,Right side,right side,False,False,Right upper quadrant,right upper quadrant,False,False
12128,234,Where is/are the abnormality located?,Liver,liver,open,text_match,Position,unknown,unknown,unknown,unknown,Liver,liver,True,True,No,no,False,False,Liver,liver,True,True,Abdomen,abdomen,False,False,Head,head,False,False
12129,234,How many kidneys in this image?,0,0,open,text_match,Quantity,unknown,unknown,unknown,unknown,Two,two,False,False,0,0,True,True,Two,two,False,False,Two,two,False,False,0,0,True,True
12130,234,"Which is bigger in this image, kidney or spleen?",Liver,liver,closed,text_match,Size,unknown,unknown,unknown,unknown,Spleen,spleen,False,False,No,no,False,False,Spleen,spleen,False,False,Spleen,spleen,False,False,Spleen,spleen,False,False
12131,234,What is the organ on the left side of this image?,Liver,liver,open,text_match,Organ,unknown,unknown,unknown,unknown,Liver,liver,True,True,Kidney,kidney,False,False,Liver,liver,True,True,Liver,liver,True,True,Kidney,kidney,False,False
12132,234,Does this image look normal?,No,no,closed,yes_no,Abnormality,unknown,unknown,unknown,unknown,No.,no,True,True,No.,no,True,True,No.,no,True,True,No.,no,True,True,No.,no,True,True
12133,234,Does the picture contain lung?,No,no,closed,yes_no,Organ,unknown,unknown,unknown,unknown,No,no,True,True,No,no,True,True,No,no,True,True,No,no,True,True,No,no,True,True
12134,234,Does the picture contain heart?,No,no,closed,yes_no,Organ,unknown,unknown,unknown,unknown,No,no,True,True,No,no,True,True,No,no,True,True,No.,no,True,True,No,no,True,True
12135,234,What is the rightmost organ in this image?,Spleen,spleen,open,text_match,Organ,unknown,unknown,unknown,unknown,Kidney,kidney,False,False,Liver,liver,False,False,Kidney,kidney,False,False,Kidney,kidney,False,False,No,no,False,False
12136,234,What is the organ on the top of the body in this image?,Liver,liver,open,text_match,Organ,unknown,unknown,unknown,unknown,Liver,liver,True,True,Brain,brain,False,False,Liver,liver,True,True,Liver,liver,True,True,Brain,brain,False,False
12137,234,What is the scanning plane of this image?,Transverse  Plane,transverse plane,open,text_match,Plane,unknown,unknown,unknown,unknown,Axial,axial,False,False,The image provided does not contain any identifiable anatomical structures or features that would allow,the image provided does not contain any identifiable anatomical structures or features that would allow,False,False,Axial,axial,False,False,Axial,axial,False,False,Axial,axial,False,False
12138,235,What modality is used to take this image?,CT,ct,open,text_match,Modality,unknown,unknown,unknown,unknown,CT,ct,True,True,MRI,mri,False,False,MRI,mri,False,False,CT,ct,True,True,MRI,mri,False,False
12139,235,Which part of the body does this image belong to?,Abdomen,abdomen,open,text_match,Position,unknown,unknown,unknown,unknown,Abdomen,abdomen,True,True,Head,head,False,False,Abdomen,abdomen,True,True,Abdomen,abdomen,True,True,Head,head,False,False
12140,235,What is the largest organ in the picture?,Liver,liver,open,text_match,Size,unknown,unknown,unknown,unknown,Liver,liver,True,True,Skin,skin,False,False,Liver,liver,True,True,Liver,liver,True,True,Skin,skin,False,False
12141,235,Does the picture contain liver?,Yes,yes,closed,yes_no,Organ,unknown,unknown,unknown,unknown,Yes.,yes,True,True,No,no,False,False,Yes.,yes,True,True,Yes.,yes,True,True,No.,no,False,False
12142,235,Does the picture contain kidney?,No,no,closed,yes_no,Organ,unknown,unknown,unknown,unknown,No,no,True,True,No,no,True,True,Yes.,yes,False,False,Yes.,yes,False,False,No.,no,True,True
12143,235,Does the picture contain spleen?,Yes,yes,closed,yes_no,Organ,unknown,unknown,unknown,unknown,Yes.,yes,True,True,No,no,False,False,Yes.,yes,True,True,Yes.,yes,True,True,No.,no,False,False
12144,235,Where is the liver?,Left and top,left and top,open,text_match,Position,unknown,unknown,unknown,unknown,Right side of the abdomen,right side of the abdomen,False,False,Right upper quadrant,right upper quadrant,False,False,Right side,right side,False,False,Right side,right side,False,False,Right upper quadrant,right upper quadrant,False,False
12145,235,Where is/are the abnormality located?,Liver,liver,open,text_match,Position,unknown,unknown,unknown,unknown,Liver,liver,True,True,No,no,False,False,Liver,liver,True,True,Abdomen,abdomen,False,False,Head,head,False,False
12146,235,How many kidneys in this image?,2,2,open,text_match,Quantity,unknown,unknown,unknown,unknown,Two,two,False,False,0,0,False,False,Two,two,False,False,Two,two,False,False,0,0,False,False
12147,235,Does this image look normal?,No,no,closed,yes_no,Abnormality,unknown,unknown,unknown,unknown,No.,no,True,True,No.,no,True,True,No.,no,True,True,No.,no,True,True,No.,no,True,True
12148,235,Does the picture contain lung?,Yes,yes,closed,yes_no,Organ,unknown,unknown,unknown,unknown,No,no,False,False,No,no,False,False,No,no,False,False,No,no,False,False,Yes.,yes,True,True
12149,235,Does the picture contain heart?,No,no,closed,yes_no,Organ,unknown,unknown,unknown,unknown,No,no,True,True,No,no,True,True,No,no,True,True,No,no,True,True,No.,no,True,True
12150,235,"Which is bigger in this image, liver or spleen?",Spleen,spleen,closed,text_match,Size,unknown,unknown,unknown,unknown,Liver,liver,False,False,Liver,liver,False,False,Liver,liver,False,False,Liver,liver,False,False,Liver,liver,False,False
12151,235,What is the organ on the lower right corner of this image?,Spleen,spleen,open,text_match,Organ,unknown,unknown,unknown,unknown,Kidney,kidney,False,False,Kidney,kidney,False,False,Kidney,kidney,False,False,Kidney,kidney,False,False,Kidney,kidney,False,False
12152,235,What is the organ on the top of the body in this image?,Liver,liver,open,text_match,Organ,unknown,unknown,unknown,unknown,Liver,liver,True,True,Brain,brain,False,False,Liver,liver,True,True,Liver,liver,True,True,Brain,brain,False,False
12153,235,What is the scanning plane of this image?,Transverse  Plane,transverse plane,open,text_match,Plane,unknown,unknown,unknown,unknown,Axial,axial,False,False,The image provided does not contain any identifiable anatomical structures or features that would allow,the image provided does not contain any identifiable anatomical structures or features that would allow,False,False,Axial,axial,False,False,Axial,axial,False,False,Axial,axial,False,False
12154,24,What modality is used to take this image?,MRI,mri,open,text_match,Modality,unknown,unknown,unknown,unknown,MRI,mri,True,True,MRI,mri,True,True,MRI,mri,True,True,MRI,mri,True,True,MRI,mri,True,True
12155,24,Which part of the body does this image belong to?,Abdomen,abdomen,open,text_match,Position,unknown,unknown,unknown,unknown,Abdomen,abdomen,True,True,Head,head,False,False,Head,head,False,False,Abdomen,abdomen,True,True,Head,head,False,False
12156,24,What is the mr weighting in this image?,T1,t1,open,text_match,Modality,unknown,unknown,unknown,unknown,T2-weighted,t2weighted,False,False,T1,t1,True,True,T2-weighted,t2weighted,False,False,T2-weighted,t2weighted,False,False,T1-weighted,t1weighted,False,True
12157,24,How many kidneys are there in this image?,0,0,open,text_match,Quantity,unknown,unknown,unknown,unknown,Two,two,False,False,Two,two,False,False,Two,two,False,False,Two,two,False,False,No,no,False,False
12158,24,Does the picture contain liver?,Yes,yes,closed,yes_no,Organ,unknown,unknown,unknown,unknown,Yes.,yes,True,True,No,no,False,False,Yes.,yes,True,True,Yes.,yes,True,True,No.,no,False,False
12159,24,Does the picture contain kidney?,No,no,closed,yes_no,Organ,unknown,unknown,unknown,unknown,Yes.,yes,False,False,No,no,True,True,Yes.,yes,False,False,Yes.,yes,False,False,No.,no,True,True
12160,24,Does the picture contain spleen?,Yes,yes,closed,yes_no,Organ,unknown,unknown,unknown,unknown,Yes.,yes,True,True,No,no,False,False,Yes.,yes,True,True,Yes.,yes,True,True,No.,no,False,False
12161,25,What modality is used to take this image?,MRI,mri,open,text_match,Modality,unknown,unknown,unknown,unknown,MRI,mri,True,True,MRI,mri,True,True,CT,ct,False,False,MRI,mri,True,True,MRI,mri,True,True
12162,25,Which part of the body does this image belong to?,Abdomen,abdomen,open,text_match,Position,unknown,unknown,unknown,unknown,Thorax,thorax,False,False,Head,head,False,False,Thorax,thorax,False,False,Thorax,thorax,False,False,Head,head,False,False
12163,25,What is the mr weighting in this image?,T1,t1,open,text_match,Modality,unknown,unknown,unknown,unknown,T2-weighted,t2weighted,False,False,T1,t1,True,True,T1-weighted,t1weighted,False,True,T1-weighted,t1weighted,False,True,T1-weighted,t1weighted,False,True
12164,25,Does the picture contain liver?,No,no,closed,yes_no,Organ,unknown,unknown,unknown,unknown,No,no,True,True,No,no,True,True,No.,no,True,True,Yes.,yes,False,False,Yes.,yes,False,False
12165,25,Does the picture contain kidney?,No,no,closed,yes_no,Organ,unknown,unknown,unknown,unknown,No,no,True,True,No,no,True,True,No.,no,True,True,Yes.,yes,False,False,Yes.,yes,False,False
12166,25,Does the picture contain spleen?,No,no,closed,yes_no,Organ,unknown,unknown,unknown,unknown,No.,no,True,True,No,no,True,True,No.,no,True,True,Yes.,yes,False,False,No.,no,True,True
12167,25,Where is the liver?,Not seen,not seen,open,text_match,Position,unknown,unknown,unknown,unknown,Right side,right side,False,False,Right upper quadrant,right upper quadrant,False,False,Right side,right side,False,False,Right side,right side,False,False,Abdomen,abdomen,False,False
12168,25,How many kidneys in this image?,0,0,open,text_match,Quantity,unknown,unknown,unknown,unknown,Two,two,False,False,Two,two,False,False,Two,two,False,False,Two,two,False,False,Two,two,False,False
12169,25,What is the organ on the left side of this image?,Lung,lung,open,text_match,Organ,unknown,unknown,unknown,unknown,Lung,lung,True,True,Kidney,kidney,False,False,Lung,lung,True,True,Liver,liver,False,False,Yes.,yes,False,False
12170,250,What modality is used to take this image?,CT,ct,open,text_match,Modality,unknown,unknown,unknown,unknown,CT,ct,True,True,MRI,mri,False,False,CT,ct,True,True,CT,ct,True,True,MRI,mri,False,False
12171,250,Which part of the body does this image belong to?,Abdomen,abdomen,open,text_match,Position,unknown,unknown,unknown,unknown,Abdomen,abdomen,True,True,Head,head,False,False,Abdomen,abdomen,True,True,Abdomen,abdomen,True,True,Head,head,False,False
12172,250,Does this image look normal?,No,no,closed,yes_no,Abnormality,unknown,unknown,unknown,unknown,No.,no,True,True,No.,no,True,True,No.,no,True,True,No.,no,True,True,No.,no,True,True
12173,250,What is the largest organ in the picture?,Lung,lung,open,text_match,Size,unknown,unknown,unknown,unknown,Liver,liver,False,False,Skin,skin,False,False,Liver,liver,False,False,Liver,liver,False,False,Skin,skin,False,False
12174,250,Does the picture contain liver?,Yes,yes,closed,yes_no,Organ,unknown,unknown,unknown,unknown,Yes.,yes,True,True,No,no,False,False,Yes.,yes,True,True,Yes.,yes,True,True,No.,no,False,False
12175,250,Does the picture contain kidney?,No,no,closed,yes_no,Organ,unknown,unknown,unknown,unknown,No,no,True,True,No,no,True,True,No,no,True,True,No,no,True,True,No.,no,True,True
12176,250,Does the picture contain spleen?,No,no,closed,yes_no,Organ,unknown,unknown,unknown,unknown,No,no,True,True,No,no,True,True,No,no,True,True,No,no,True,True,No.,no,True,True
12177,250,Does the picture contain lung?,Yes,yes,closed,yes_no,Organ,unknown,unknown,unknown,unknown,Yes.,yes,True,True,No,no,False,False,Yes.,yes,True,True,Yes.,yes,True,True,No,no,False,False
12178,250,Does the picture contain heart?,Yes,yes,closed,yes_no,Organ,unknown,unknown,unknown,unknown,Yes.,yes,True,True,No,no,False,False,Yes.,yes,True,True,No,no,False,False,No,no,False,False
12179,250,What diseases are included in the picture?,Liver Cancer,liver cancer,open,text_match,Abnormality,unknown,unknown,unknown,unknown,No,no,False,False,No,no,False,False,No,no,False,False,No,no,False,False,No,no,False,False
12180,250,Where is the liver?,Upper Left,upper left,open,text_match,Position,unknown,unknown,unknown,unknown,Right side,right side,False,False,Right upper quadrant,right upper quadrant,False,False,Right side,right side,False,False,Right side,right side,False,False,Right upper quadrant,right upper quadrant,False,False
12181,250,Where is/are the abnormality located?,Liver,liver,open,text_match,Position,unknown,unknown,unknown,unknown,Thorax,thorax,False,False,No,no,False,False,Liver,liver,True,True,Thorax,thorax,False,False,Head,head,False,False
12182,250,How many kidneys in this image?,0,0,open,text_match,Quantity,unknown,unknown,unknown,unknown,Two,two,False,False,0,0,True,True,Two,two,False,False,Two,two,False,False,0,0,True,True
12183,250,"Which is bigger in this image, liver or heart?",Liver,liver,closed,text_match,Size,unknown,unknown,unknown,unknown,Liver,liver,True,True,No,no,False,False,Liver,liver,True,True,Liver,liver,True,True,Liver,liver,True,True
12184,250,What organ is the gray part on the left of the image?,Liver,liver,open,text_match,Organ,unknown,unknown,unknown,unknown,Liver,liver,True,True,Kidney,kidney,False,False,Liver,liver,True,True,Liver,liver,True,True,Kidney,kidney,False,False
12185,250,What organ is the black part on the left of the image?,Right Lung,right lung,open,text_match,Organ,unknown,unknown,unknown,unknown,Liver,liver,False,False,Liver,liver,False,False,Liver,liver,False,False,Liver,liver,False,False,Kidney,kidney,False,False
12186,250,What is the organ on the top of the body in this image?,Heart and Liver,heart and liver,open,text_match,Organ,unknown,unknown,unknown,unknown,Liver,liver,False,True,Brain,brain,False,False,Liver,liver,False,True,Liver,liver,False,True,Brain,brain,False,False
12187,250,What is the scanning plane of this image?,Transverse  Plane,transverse plane,open,text_match,Plane,unknown,unknown,unknown,unknown,Axial,axial,False,False,The image provided does not contain any identifiable anatomical structures or features that would allow,the image provided does not contain any identifiable anatomical structures or features that would allow,False,False,Axial,axial,False,False,Axial,axial,False,False,Yes.,yes,False,False
12188,250,What are the white points in the black part of the body?,Pulmonary bronchus,pulmonary bronchus,open,text_match,Organ,unknown,unknown,unknown,unknown,Yes.,yes,False,False,No,no,False,False,Lungs,lungs,False,False,Yes.,yes,False,False,No.,no,False,False
12189,250,Which is the kidney?,Symmetrical to the bone marrow,symmetrical to the bone marrow,open,text_match,Position,unknown,unknown,unknown,unknown,No,no,False,False,No,no,False,False,No,no,False,False,No,no,False,False,No,no,False,False
12190,252,What modality is used to take this image?,CT,ct,open,text_match,Modality,unknown,unknown,unknown,unknown,CT,ct,True,True,MRI,mri,False,False,CT,ct,True,True,CT,ct,True,True,MRI,mri,False,False
12191,252,Which part of the body does this image belong to?,Abdomen,abdomen,open,text_match,Position,unknown,unknown,unknown,unknown,Abdomen,abdomen,True,True,Head,head,False,False,Abdomen,abdomen,True,True,Abdomen,abdomen,True,True,Brain,brain,False,False
12192,252,Does this image look normal?,No,no,closed,yes_no,Abnormality,unknown,unknown,unknown,unknown,No.,no,True,True,No.,no,True,True,No.,no,True,True,No.,no,True,True,No.,no,True,True
12193,252,What is the largest organ in the picture?,Liver,liver,open,text_match,Size,unknown,unknown,unknown,unknown,Liver,liver,True,True,Skin,skin,False,False,Liver,liver,True,True,Liver,liver,True,True,Skin,skin,False,False
12194,252,Does the picture contain liver?,Yes,yes,closed,yes_no,Organ,unknown,unknown,unknown,unknown,Yes.,yes,True,True,No,no,False,False,Yes.,yes,True,True,Yes.,yes,True,True,No,no,False,False
12195,252,Does the picture contain kidney?,Yes,yes,closed,yes_no,Organ,unknown,unknown,unknown,unknown,Yes.,yes,True,True,No,no,False,False,Yes.,yes,True,True,Yes.,yes,True,True,No.,no,False,False
12196,252,Does the picture contain spleen?,Yes,yes,closed,yes_no,Organ,unknown,unknown,unknown,unknown,Yes.,yes,True,True,No,no,False,False,Yes.,yes,True,True,No,no,False,False,No.,no,False,False
12197,252,Does the picture contain lung?,No,no,closed,yes_no,Organ,unknown,unknown,unknown,unknown,No,no,True,True,No,no,True,True,No,no,True,True,No,no,True,True,No.,no,True,True
12198,252,Does the picture contain heart?,No,no,closed,yes_no,Organ,unknown,unknown,unknown,unknown,No,no,True,True,No,no,True,True,No,no,True,True,No,no,True,True,No.,no,True,True
12199,252,What diseases are included in the picture?,Liver Cancer,liver cancer,open,text_match,Abnormality,unknown,unknown,unknown,unknown,No,no,False,False,No,no,False,False,No,no,False,False,No,no,False,False,No,no,False,False
12200,252,Where is/are the abnormality located?,Liver,liver,open,text_match,Position,unknown,unknown,unknown,unknown,Abdomen,abdomen,False,False,No,no,False,False,Liver,liver,True,True,Abdomen,abdomen,False,False,Abdomen,abdomen,False,False
12201,252,How many kidneys in this image?,2,2,open,text_match,Quantity,unknown,unknown,unknown,unknown,Two,two,False,False,0,0,False,False,Two,two,False,False,Two,two,False,False,0,0,False,False
12202,252,"Which is bigger in this image, kidney or spleen?",Spleen,spleen,closed,text_match,Size,unknown,unknown,unknown,unknown,Spleen,spleen,True,True,No,no,False,False,Spleen,spleen,True,True,Spleen,spleen,True,True,No,no,False,False
12203,252,What organ is the gray part on the left of the image?,Liver,liver,open,text_match,Organ,unknown,unknown,unknown,unknown,Liver,liver,True,True,Kidney,kidney,False,False,Liver,liver,True,True,Kidney,kidney,False,False,Kidney,kidney,False,False
12204,252,What is the scanning plane of this image?,Transverse  Plane,transverse plane,open,text_match,Plane,unknown,unknown,unknown,unknown,Axial,axial,False,False,The image provided does not contain any identifiable anatomical structures or features that would allow,the image provided does not contain any identifiable anatomical structures or features that would allow,False,False,Axial,axial,False,False,Axial,axial,False,False,Yes.,yes,False,False
12205,252,What is the shape of the kidney in the picture?,Irregular,irregular,open,text_match,Shape,unknown,unknown,unknown,unknown,Normal,normal,False,False,The kidney in the image appears to be bean-shaped.,the kidney in the image appears to be beanshaped,False,False,Normal,normal,False,False,Oval,oval,False,False,No,no,False,False
12206,252,Which is the kidney?,Symmetrical to the bone marrow,symmetrical to the bone marrow,open,text_match,Position,unknown,unknown,unknown,unknown,Yes.,yes,False,False,No,no,False,False,Yes,yes,False,False,Yes.,yes,False,False,No,no,False,False
12207,253,What modality is used to take this image?,CT,ct,open,text_match,Modality,unknown,unknown,unknown,unknown,CT,ct,True,True,MRI,mri,False,False,CT,ct,True,True,CT,ct,True,True,MRI,mri,False,False
12208,253,Which part of the body does this image belong to?,Abdomen,abdomen,open,text_match,Position,unknown,unknown,unknown,unknown,Abdomen,abdomen,True,True,Head,head,False,False,Abdomen,abdomen,True,True,Abdomen,abdomen,True,True,Head,head,False,False
12209,253,Does this image look normal?,Yes,yes,closed,yes_no,Abnormality,unknown,unknown,unknown,unknown,No.,no,False,False,No.,no,False,False,No.,no,False,False,No.,no,False,False,No.,no,False,False
12210,253,What is the largest organ in the picture?,Liver,liver,open,text_match,Size,unknown,unknown,unknown,unknown,Liver,liver,True,True,Skin,skin,False,False,Liver,liver,True,True,Liver,liver,True,True,Skin,skin,False,False
12211,253,Does the picture contain liver?,Yes,yes,closed,yes_no,Organ,unknown,unknown,unknown,unknown,Yes.,yes,True,True,No,no,False,False,Yes.,yes,True,True,Yes.,yes,True,True,No.,no,False,False
12212,253,Does the picture contain kidney?,No,no,closed,yes_no,Organ,unknown,unknown,unknown,unknown,No,no,True,True,No,no,True,True,No,no,True,True,No,no,True,True,No,no,True,True
12213,253,Does the picture contain spleen?,No,no,closed,yes_no,Organ,unknown,unknown,unknown,unknown,Yes.,yes,False,False,No,no,True,True,Yes.,yes,False,False,Yes.,yes,False,False,No.,no,True,True
12214,253,Does the picture contain lung?,Yes,yes,closed,yes_no,Organ,unknown,unknown,unknown,unknown,Yes.,yes,True,True,No,no,False,False,Yes.,yes,True,True,Yes.,yes,True,True,No,no,False,False
12215,253,Does the picture contain heart?,No,no,closed,yes_no,Organ,unknown,unknown,unknown,unknown,No,no,True,True,No,no,True,True,Yes.,yes,False,False,No,no,True,True,No.,no,True,True
12216,253,Where is the liver?,Left,left,open,text_match,Position,unknown,unknown,unknown,unknown,Right side,right side,False,False,Right upper quadrant,right upper quadrant,False,False,Right side,right side,False,False,Right side,right side,False,False,Right upper quadrant,right upper quadrant,False,False
12217,253,What organ is the gray part on the left of the image?,Liver,liver,open,text_match,Organ,unknown,unknown,unknown,unknown,Liver,liver,True,True,Kidney,kidney,False,False,Liver,liver,True,True,Liver,liver,True,True,Kidney,kidney,False,False
12218,253,What organ is the black part on the left of the image?,Right Lung,right lung,open,text_match,Organ,unknown,unknown,unknown,unknown,Liver,liver,False,False,Liver,liver,False,False,Liver,liver,False,False,Liver,liver,False,False,Kidney,kidney,False,False
12219,253,What is the scanning plane of this image?,Transverse  Plane,transverse plane,open,text_match,Plane,unknown,unknown,unknown,unknown,Axial,axial,False,False,The image provided does not contain any identifiable anatomical structures or features that would allow,the image provided does not contain any identifiable anatomical structures or features that would allow,False,False,Axial,axial,False,False,Axial,axial,False,False,Yes.,yes,False,False
12220,253,What are the white spots in the black part of the lower part of body?,Pulmonary bronchus,pulmonary bronchus,open,text_match,Organ,unknown,unknown,unknown,unknown,Yes.,yes,False,False,No,no,False,False,Lungs,lungs,False,False,Yes.,yes,False,False,No,no,False,False
12221,264,What modality is used to take this image?,CT,ct,open,text_match,Modality,unknown,unknown,unknown,unknown,CT,ct,True,True,MRI,mri,False,False,CT,ct,True,True,CT,ct,True,True,MRI,mri,False,False
12222,264,Which part of the body does this image belong to?,Abdomen,abdomen,open,text_match,Position,unknown,unknown,unknown,unknown,Abdomen,abdomen,True,True,Head,head,False,False,Abdomen,abdomen,True,True,Abdomen,abdomen,True,True,Head,head,False,False
12223,264,What is the largest organ in the picture?,Small Bowel,small bowel,open,text_match,Size,unknown,unknown,unknown,unknown,Kidney,kidney,False,False,Skin,skin,False,False,Kidney,kidney,False,False,Kidney,kidney,False,False,Skin,skin,False,False
12224,264,Does the picture contain liver?,No,no,closed,yes_no,Organ,unknown,unknown,unknown,unknown,Yes.,yes,False,False,No,no,True,True,Yes.,yes,False,False,Yes.,yes,False,False,Yes.,yes,False,False
12225,264,Does the picture contain kidney?,Yes,yes,closed,yes_no,Organ,unknown,unknown,unknown,unknown,Yes.,yes,True,True,No,no,False,False,Yes.,yes,True,True,Yes.,yes,True,True,No.,no,False,False
12226,264,Does the picture contain spleen?,No,no,closed,yes_no,Organ,unknown,unknown,unknown,unknown,No,no,True,True,No,no,True,True,No,no,True,True,No,no,True,True,No.,no,True,True
12227,264,Does the picture contain lung?,No,no,closed,yes_no,Organ,unknown,unknown,unknown,unknown,No,no,True,True,No,no,True,True,No,no,True,True,No,no,True,True,Yes.,yes,False,False
12228,264,Does the picture contain heart?,No,no,closed,yes_no,Organ,unknown,unknown,unknown,unknown,No,no,True,True,No,no,True,True,No,no,True,True,No,no,True,True,No.,no,True,True
12229,264,How many kidneys in this image?,2,2,open,text_match,Quantity,unknown,unknown,unknown,unknown,Two,two,False,False,0,0,False,False,Two,two,False,False,Two,two,False,False,Two,two,False,False
12230,264,What is the rightmost organ in this image?,Large Bowel,large bowel,open,text_match,Organ,unknown,unknown,unknown,unknown,Kidney,kidney,False,False,Liver,liver,False,False,Kidney,kidney,False,False,Kidney,kidney,False,False,Liver,liver,False,False
12231,264,What organ is the gray part on the left of the image?,Large Bowel,large bowel,open,text_match,Organ,unknown,unknown,unknown,unknown,Kidney,kidney,False,False,Kidney,kidney,False,False,Kidney,kidney,False,False,Kidney,kidney,False,False,Kidney,kidney,False,False
12232,264,What is the organ on the top of the body in this image?,Small Bowel,small bowel,open,text_match,Organ,unknown,unknown,unknown,unknown,Liver,liver,False,False,Brain,brain,False,False,Liver,liver,False,False,Kidney,kidney,False,False,Brain,brain,False,False
12233,264,What is the scanning plane of this image?,Transverse  Plane,transverse plane,open,text_match,Plane,unknown,unknown,unknown,unknown,Axial,axial,False,False,The image provided does not contain any identifiable anatomical structures or features that would allow,the image provided does not contain any identifiable anatomical structures or features that would allow,False,False,Axial,axial,False,False,Axial,axial,False,False,Axial,axial,False,False
12234,264,Which is the kidney?,Symmetrical to the bone marrow,symmetrical to the bone marrow,open,text_match,Position,unknown,unknown,unknown,unknown,Yes.,yes,False,False,No,no,False,False,Yes.,yes,False,False,Yes.,yes,False,False,No,no,False,False
12235,269,What modality is used to take this image?,CT,ct,open,text_match,Modality,unknown,unknown,unknown,unknown,CT,ct,True,True,MRI,mri,False,False,CT,ct,True,True,CT,ct,True,True,MRI,mri,False,False
12236,269,Which part of the body does this image belong to?,Abdomen,abdomen,open,text_match,Position,unknown,unknown,unknown,unknown,Abdomen,abdomen,True,True,Head,head,False,False,Abdomen,abdomen,True,True,Abdomen,abdomen,True,True,Head,head,False,False
12237,269,What is the largest organ in the picture?,Liver,liver,open,text_match,Size,unknown,unknown,unknown,unknown,Liver,liver,True,True,Skin,skin,False,False,Liver,liver,True,True,Liver,liver,True,True,Skin,skin,False,False
12238,269,Does the picture contain liver?,Yes,yes,closed,yes_no,Organ,unknown,unknown,unknown,unknown,Yes.,yes,True,True,No,no,False,False,Yes.,yes,True,True,Yes.,yes,True,True,No.,no,False,False
12239,269,Does the picture contain kidney?,No,no,closed,yes_no,Organ,unknown,unknown,unknown,unknown,No,no,True,True,No,no,True,True,Yes.,yes,False,False,Yes.,yes,False,False,No.,no,True,True
12240,269,Does the picture contain spleen?,Yes,yes,closed,yes_no,Organ,unknown,unknown,unknown,unknown,Yes.,yes,True,True,No,no,False,False,Yes.,yes,True,True,Yes.,yes,True,True,No.,no,False,False
12241,269,Does the picture contain lung?,Yes,yes,closed,yes_no,Organ,unknown,unknown,unknown,unknown,No,no,False,False,No,no,False,False,No,no,False,False,No,no,False,False,No.,no,False,False
12242,269,Does the picture contain heart?,No,no,closed,yes_no,Organ,unknown,unknown,unknown,unknown,Yes.,yes,False,False,No,no,True,True,Yes.,yes,False,False,No,no,True,True,No.,no,True,True
12243,269,What is the rightmost organ in this image?,Large Bowel,large bowel,open,text_match,Organ,unknown,unknown,unknown,unknown,Liver,liver,False,False,Liver,liver,False,False,Liver,liver,False,False,Liver,liver,False,False,Liver,liver,False,False
12244,269,What organ is the gray part on the left of the image?,Liver,liver,open,text_match,Organ,unknown,unknown,unknown,unknown,Liver,liver,True,True,Kidney,kidney,False,False,Liver,liver,True,True,Liver,liver,True,True,Kidney,kidney,False,False
12245,269,What organ is the black part on the left of the image?,Right Lung,right lung,open,text_match,Organ,unknown,unknown,unknown,unknown,Liver,liver,False,False,Liver,liver,False,False,Liver,liver,False,False,Liver,liver,False,False,Liver,liver,False,False
12246,269,What is the organ on the top of the body in this image?,Stomach,stomach,open,text_match,Organ,unknown,unknown,unknown,unknown,Liver,liver,False,False,Brain,brain,False,False,Liver,liver,False,False,Liver,liver,False,False,Brain,brain,False,False
12247,269,What is the scanning plane of this image?,Transverse  Plane,transverse plane,open,text_match,Plane,unknown,unknown,unknown,unknown,Axial,axial,False,False,The image provided does not contain any identifiable anatomical structures or features that would allow,the image provided does not contain any identifiable anatomical structures or features that would allow,False,False,Axial,axial,False,False,Axial,axial,False,False,Axial,axial,False,False
12248,269,What organ is the black hole in the upper right corner?,Large Bowel,large bowel,open,text_match,Organ,unknown,unknown,unknown,unknown,Liver,liver,False,False,No,no,False,False,Liver,liver,False,False,Kidney,kidney,False,False,No,no,False,False
12249,274,What modality is used to take this image?,CT,ct,open,text_match,Modality,unknown,unknown,unknown,unknown,CT,ct,True,True,MRI,mri,False,False,CT,ct,True,True,CT,ct,True,True,MRI,mri,False,False
12250,274,Which part of the body does this image belong to?,Abdomen,abdomen,open,text_match,Position,unknown,unknown,unknown,unknown,Abdomen,abdomen,True,True,Head,head,False,False,Abdomen,abdomen,True,True,Abdomen,abdomen,True,True,Head,head,False,False
12251,274,What is the largest organ in the picture?,Liver,liver,open,text_match,Size,unknown,unknown,unknown,unknown,Liver,liver,True,True,Skin,skin,False,False,Liver,liver,True,True,Liver,liver,True,True,Skin,skin,False,False
12252,274,Does the picture contain liver?,Yes,yes,closed,yes_no,Organ,unknown,unknown,unknown,unknown,Yes.,yes,True,True,No,no,False,False,Yes.,yes,True,True,Yes.,yes,True,True,No.,no,False,False
12253,274,Does the picture contain kidney?,No,no,closed,yes_no,Organ,unknown,unknown,unknown,unknown,Yes.,yes,False,False,No,no,True,True,Yes.,yes,False,False,Yes.,yes,False,False,No.,no,True,True
12254,274,Does the picture contain spleen?,Yes,yes,closed,yes_no,Organ,unknown,unknown,unknown,unknown,Yes.,yes,True,True,No,no,False,False,Yes.,yes,True,True,Yes.,yes,True,True,No,no,False,False
12255,274,Does the picture contain lung?,Yes,yes,closed,yes_no,Organ,unknown,unknown,unknown,unknown,No,no,False,False,No,no,False,False,Yes.,yes,True,True,No,no,False,False,No.,no,False,False
12256,274,Does the picture contain heart?,No,no,closed,yes_no,Organ,unknown,unknown,unknown,unknown,Yes.,yes,False,False,No,no,True,True,Yes.,yes,False,False,No,no,True,True,No.,no,True,True
12257,274,How many kidneys in this image?,0,0,open,text_match,Quantity,unknown,unknown,unknown,unknown,Two,two,False,False,0,0,True,True,Two,two,False,False,Two,two,False,False,0,0,True,True
12258,274,"Which is bigger in this image, liver or spleen?",Liver,liver,closed,text_match,Size,unknown,unknown,unknown,unknown,Liver,liver,True,True,Liver,liver,True,True,Liver,liver,True,True,Liver,liver,True,True,Liver,liver,True,True
12259,274,What is the rightmost organ in this image?,Large Bowel,large bowel,open,text_match,Organ,unknown,unknown,unknown,unknown,Liver,liver,False,False,Liver,liver,False,False,Liver,liver,False,False,Liver,liver,False,False,No,no,False,False
12260,274,What organ is the gray part on the left of the image?,Liver,liver,open,text_match,Organ,unknown,unknown,unknown,unknown,Liver,liver,True,True,Kidney,kidney,False,False,Liver,liver,True,True,Liver,liver,True,True,Kidney,kidney,False,False
12261,274,What organ is the black part on the left of the image?,Right Lung,right lung,open,text_match,Organ,unknown,unknown,unknown,unknown,Liver,liver,False,False,Liver,liver,False,False,Liver,liver,False,False,Liver,liver,False,False,Kidney,kidney,False,False
12262,274,What is the scanning plane of this image?,Transverse  Plane,transverse plane,open,text_match,Plane,unknown,unknown,unknown,unknown,Axial,axial,False,False,The image provided does not contain any identifiable anatomical structures or features that would allow,the image provided does not contain any identifiable anatomical structures or features that would allow,False,False,Axial,axial,False,False,Axial,axial,False,False,Axial,axial,False,False
12263,274,What organ is the black hole in the upper right corner?,Large Bowel,large bowel,open,text_match,Organ,unknown,unknown,unknown,unknown,Liver,liver,False,False,No,no,False,False,Liver,liver,False,False,Kidney,kidney,False,False,No,no,False,False
12264,299,What type of medical image is this?,X-Ray,xray,open,text_match,Modality,unknown,unknown,unknown,unknown,X-ray,xray,True,True,MRI,mri,False,False,X-ray,xray,True,True,X-ray,xray,True,True,MRI,mri,False,False
12265,299,What is the scanning plane of this image?,Coronal Plane,coronal plane,open,text_match,Plane,unknown,unknown,unknown,unknown,Frontal,frontal,False,False,Axial,axial,False,False,Frontal,frontal,False,False,Coronal,coronal,False,True,Axial,axial,False,False
12266,299,Which part do the organs in this image locate from the aspect of the whole body?,Chest,chest,open,text_match,Position,unknown,unknown,unknown,unknown,Chest,chest,True,True,Abdomen,abdomen,False,False,Chest,chest,True,True,Chest,chest,True,True,Abdomen,abdomen,False,False
12267,299,"Which side of lung is abnormal in this image,left or right?",Right,right,closed,text_match,Position,unknown,unknown,unknown,unknown,Right,right,True,True,Right,right,True,True,Right,right,True,True,Right,right,True,True,Right,right,True,True
12268,299,What part of the lung is the pneumothorax located in?,Upper Right Lung,upper right lung,open,text_match,Position,unknown,unknown,unknown,unknown,Right lung,right lung,False,True,Right lung,right lung,False,True,Right lung,right lung,False,True,Right lung,right lung,False,True,Right lung,right lung,False,True
12269,299,Which organ system is imaged?,Chest,chest,open,text_match,Organ,unknown,unknown,unknown,unknown,Respiratory,respiratory,False,False,Cardiovascular,cardiovascular,False,False,Respiratory,respiratory,False,False,Respiratory,respiratory,False,False,No,no,False,False
12270,299,Which organs appear in pairs?,Lung,lung,open,text_match,Organ,unknown,unknown,unknown,unknown,Lungs,lungs,False,True,Kidneys,kidneys,False,False,Lungs,lungs,False,True,Lungs,lungs,False,True,Lungs,lungs,False,True
12271,299,Is/Are there abnormalities in the patient's right lung?,Yes,yes,closed,yes_no,Abnormality,unknown,unknown,unknown,unknown,Yes.,yes,True,True,No,no,False,False,Yes.,yes,True,True,Yes.,yes,True,True,No,no,False,False
12272,299,Is this image normal?,No,no,closed,yes_no,Abnormality,unknown,unknown,unknown,unknown,No,no,True,True,No.,no,True,True,No.,no,True,True,No.,no,True,True,No.,no,True,True
12273,299,Can pneumothorax be observed on the lower left lung in this picture?,No,no,closed,yes_no,Abnormality,unknown,unknown,unknown,unknown,No,no,True,True,No,no,True,True,No,no,True,True,No,no,True,True,No,no,True,True
12274,299,What color does the left lung show in the picture?,Black,black,open,text_match,Color,unknown,unknown,unknown,unknown,Gray,gray,False,False,Black,black,True,True,Gray,gray,False,False,Gray,gray,False,False,Gray,gray,False,False
12275,299,How many lungs are shown in this image?,2,2,open,text_match,Quantity,unknown,unknown,unknown,unknown,Two,two,False,False,Two,two,False,False,Two,two,False,False,Two,two,False,False,0,0,False,False
12276,299,What is the effect of the main organ in this picture?,Breathe,breathe,open,text_match,KG,unknown,unknown,unknown,unknown,Respiration,respiration,False,False,"The main organ in the picture is the heart, which pumps blood throughout the body",the main organ in the picture is the heart which pumps blood throughout the body,False,False,Respiration,respiration,False,False,Respiration,respiration,False,False,Filter blood,filter blood,False,False
12277,299,What kind of symptoms will the disease on the upper right of lung bring to the patient?,"Chest pain, dyspnea",chest pain dyspnea,open,text_match,KG,unknown,unknown,unknown,unknown,Coughing,coughing,False,False,Coughing,coughing,False,False,Coughing,coughing,False,False,Coughing,coughing,False,False,Yes,yes,False,False
12278,299,Which organs/organ in the picture belong to the respiratory system?,Lung,lung,open,text_match,KG,unknown,unknown,unknown,unknown,Lungs,lungs,False,True,Lungs,lungs,False,True,Lungs,lungs,False,True,Lungs,lungs,False,True,Lungs,lungs,False,True
12279,304,What imaging modality was used?,X-Ray,xray,open,text_match,Modality,unknown,unknown,unknown,unknown,X-ray,xray,True,True,MRI,mri,False,False,X-ray,xray,True,True,Angiography,angiography,False,False,CT scan,ct scan,False,False
12280,304,Is this a transverse plane?,No,no,closed,yes_no,Plane,unknown,unknown,unknown,unknown,No,no,True,True,No,no,True,True,No,no,True,True,No,no,True,True,No,no,True,True
12281,304,Which part of the human body is the organ located in the image?,Chest,chest,open,text_match,Position,unknown,unknown,unknown,unknown,Thorax,thorax,False,False,Brain,brain,False,False,Thorax,thorax,False,False,Abdomen,abdomen,False,False,Brain,brain,False,False
12282,304,Where is the abnormality in this image?,Lower Right Lung,lower right lung,open,text_match,Position,unknown,unknown,unknown,unknown,Left lung,left lung,False,False,No,no,False,False,Left lung,left lung,False,False,Left side,left side,False,False,Left lung,left lung,False,False
12283,304,Where is the atelectasis in this image?,Lower Right Lung,lower right lung,open,text_match,Position,unknown,unknown,unknown,unknown,Left lung,left lung,False,False,Left lung,left lung,False,False,Left lung,left lung,False,False,Left lung,left lung,False,False,Left lung,left lung,False,False
12284,304,What is the organ system visualized?,Chest,chest,open,text_match,Organ,unknown,unknown,unknown,unknown,Respiratory,respiratory,False,False,Cardiovascular,cardiovascular,False,False,Respiratory,respiratory,False,False,Cardiovascular,cardiovascular,False,False,Respiratory,respiratory,False,False
12285,304,Is this a study of the chest?,Yes,yes,closed,yes_no,Organ,unknown,unknown,unknown,unknown,Yes.,yes,True,True,Yes.,yes,True,True,Yes.,yes,True,True,Yes.,yes,True,True,Yes.,yes,True,True
12286,304,What disease is/are shown on the right of lung?,Atelectasis,atelectasis,open,text_match,Abnormality,unknown,unknown,unknown,unknown,Yes,yes,False,False,No,no,False,False,Yes,yes,False,False,No,no,False,False,Yes,yes,False,False
12287,304,Is/Are there abnormalities in the patient's right lung?,Yes,yes,closed,yes_no,Abnormality,unknown,unknown,unknown,unknown,Yes.,yes,True,True,No,no,False,False,Yes.,yes,True,True,No,no,False,False,Yes.,yes,True,True
12288,304,Can atelectasis be observed on the upper right lung in this picture?,No,no,closed,yes_no,Abnormality,unknown,unknown,unknown,unknown,Yes.,yes,False,False,No,no,True,True,Yes.,yes,False,False,No,no,True,True,Yes.,yes,False,False
12289,304,What color does the left lung show in the picture?,Black,black,open,text_match,Color,unknown,unknown,unknown,unknown,Black,black,True,True,Black,black,True,True,Black,black,True,True,Gray,gray,False,False,Gray,gray,False,False
12290,304,How many existing lungs in this image?,2,2,open,text_match,Quantity,unknown,unknown,unknown,unknown,Two,two,False,False,0,0,False,False,Two,two,False,False,Two,two,False,False,Two,two,False,False
12291,304,What is the function of the main organ in this picture?,Breathe,breathe,open,text_match,KG,unknown,unknown,unknown,unknown,Respiration,respiration,False,False,Filter blood and produce urine,filter blood and produce urine,False,False,Respiration,respiration,False,False,Filter blood,filter blood,False,False,Respiratory system,respiratory system,False,False
12292,304,What is the main cause of the disease on the lower right of the lung in the picture?,Bronchial obstruction,bronchial obstruction,open,text_match,KG,unknown,unknown,unknown,unknown,Infection,infection,False,False,Infection,infection,False,False,Infection,infection,False,False,Tumor,tumor,False,False,Infection,infection,False,False
12293,304,Which organs/organ in the picture belong to the circulatory system?,Heart,heart,open,text_match,KG,unknown,unknown,unknown,unknown,Heart,heart,True,True,Heart,heart,True,True,Heart,heart,True,True,Heart,heart,True,True,Heart,heart,True,True
12294,311,Is this image taken via X-Ray?,Yes,yes,closed,yes_no,Modality,unknown,unknown,unknown,unknown,Yes.,yes,True,True,No,no,False,False,Yes.,yes,True,True,Yes.,yes,True,True,Yes.,yes,True,True
12295,311,Is this a transverse plane?,No,no,closed,yes_no,Plane,unknown,unknown,unknown,unknown,No,no,True,True,No,no,True,True,No,no,True,True,No,no,True,True,No,no,True,True
12296,311,Which part of the body does this image belong to?,Chest,chest,open,text_match,Position,unknown,unknown,unknown,unknown,Chest,chest,True,True,Head,head,False,False,Chest,chest,True,True,Chest,chest,True,True,Head,head,False,False
12297,311,"Which side of lung is abnormal in this image,left or right?",Left,left,closed,text_match,Position,unknown,unknown,unknown,unknown,Right,right,False,False,Right,right,False,False,Right,right,False,False,Right,right,False,False,Right,right,False,False
12298,311,Where is the mass in this image?,Lower Left Lung,lower left lung,open,text_match,Position,unknown,unknown,unknown,unknown,Left upper lobe,left upper lobe,False,False,Left lung,left lung,False,True,Left lung,left lung,False,True,Left lung,left lung,False,True,Left breast,left breast,False,False
12299,311,Is this a study of the chest?,Yes,yes,closed,yes_no,Organ,unknown,unknown,unknown,unknown,Yes.,yes,True,True,Yes.,yes,True,True,Yes.,yes,True,True,Yes.,yes,True,True,Yes.,yes,True,True
12300,311,Is this a study of the pelvic cavity?,No,no,closed,yes_no,Organ,unknown,unknown,unknown,unknown,No,no,True,True,Yes.,yes,False,False,No,no,True,True,No,no,True,True,Yes.,yes,False,False
12301,311,What disease is/are shown on the left of lung?,Pulmonary Mass,pulmonary mass,open,text_match,Abnormality,unknown,unknown,unknown,unknown,No,no,False,False,No,no,False,False,No,no,False,False,No,no,False,False,Yes,yes,False,False
12302,311,Is the lung abnormal?,Yes,yes,closed,yes_no,Abnormality,unknown,unknown,unknown,unknown,No,no,False,False,No,no,False,False,Yes.,yes,True,True,No,no,False,False,Yes.,yes,True,True
12303,311,Can mass be observed on the lower left lung in this picture?,Yes,yes,closed,yes_no,Abnormality,unknown,unknown,unknown,unknown,Yes.,yes,True,True,No,no,False,False,Yes.,yes,True,True,No,no,False,False,Yes.,yes,True,True
12304,311,What color is the lung in the picture?,Black,black,open,text_match,Color,unknown,unknown,unknown,unknown,White,white,False,False,Gray,gray,False,False,Black,black,True,True,Gray,gray,False,False,Gray,gray,False,False
12305,311,How many existing heart in this image?,1,1,open,text_match,Quantity,unknown,unknown,unknown,unknown,One,one,False,False,0,0,False,False,One,one,False,False,One,one,False,False,0,0,False,False
12306,311,How much damage will be caused to the body taking such an image?,A Little,a little,open,text_match,KG,unknown,unknown,unknown,unknown,Minimal,minimal,False,False,No,no,False,False,Minimal,minimal,False,False,Minimal,minimal,False,False,Minimal,minimal,False,False
12307,311,How to prevent the occurrence of the disease on the lower left lobe of lung in this image?,Keep healthy,keep healthy,open,text_match,KG,unknown,unknown,unknown,unknown,Yes,yes,False,False,Avoid smoking and maintain good respiratory hygiene.,avoid smoking and maintain good respiratory hygiene,False,False,Yes,yes,False,False,No,no,False,False,Yes,yes,False,False
12308,311,Which organs/organ in the picture belong to the circulatory system?,Heart,heart,open,text_match,KG,unknown,unknown,unknown,unknown,Heart,heart,True,True,Heart,heart,True,True,Heart,heart,True,True,Heart,heart,True,True,Heart,heart,True,True
12309,312,What type of medical image is this?,X-Ray,xray,open,text_match,Modality,unknown,unknown,unknown,unknown,X-ray,xray,True,True,MRI,mri,False,False,X-ray,xray,True,True,X-ray,xray,True,True,MRI,mri,False,False
12310,312,Is this a coronal section?,Yes,yes,closed,yes_no,Plane,unknown,unknown,unknown,unknown,Yes.,yes,True,True,No,no,False,False,Yes.,yes,True,True,Yes.,yes,True,True,No,no,False,False
12311,312,Which part of the body does this image belong to?,Chest,chest,open,text_match,Position,unknown,unknown,unknown,unknown,Chest,chest,True,True,Head,head,False,False,Chest,chest,True,True,Chest,chest,True,True,Skin,skin,False,False
12312,312,Where is the abnormality in this image?,Lower Left Lung,lower left lung,open,text_match,Position,unknown,unknown,unknown,unknown,Left lung,left lung,False,True,No,no,False,False,Left lung,left lung,False,True,Left lung,left lung,False,True,No,no,False,False
12313,312,Where is the atelectasis in this image?,Lower Left Lung,lower left lung,open,text_match,Position,unknown,unknown,unknown,unknown,Left lung,left lung,False,True,Left lung,left lung,False,True,Left lung,left lung,False,True,Left lung,left lung,False,True,Left lung,left lung,False,True
12314,312,Is this a study of the neck?,No,no,closed,yes_no,Organ,unknown,unknown,unknown,unknown,No,no,True,True,No,no,True,True,No,no,True,True,No.,no,True,True,No,no,True,True
12315,312,What is the main organ in the image?,Lung,lung,open,text_match,Organ,unknown,unknown,unknown,unknown,Lungs,lungs,False,True,No,no,False,False,Lungs,lungs,False,True,Lungs,lungs,False,True,No,no,False,False
12316,312,Does the patient have any abnormalities?,Yes,yes,closed,yes_no,Abnormality,unknown,unknown,unknown,unknown,Yes.,yes,True,True,No,no,False,False,No,no,False,False,No,no,False,False,No,no,False,False
12317,312,Is this image normal?,No,no,closed,yes_no,Abnormality,unknown,unknown,unknown,unknown,No,no,True,True,No.,no,True,True,No,no,True,True,No,no,True,True,No.,no,True,True
12318,312,Can atelectasis be observed on the lower left lung in this picture?,Yes,yes,closed,yes_no,Abnormality,unknown,unknown,unknown,unknown,Yes.,yes,True,True,No,no,False,False,Yes.,yes,True,True,Yes.,yes,True,True,Yes.,yes,True,True
12319,312,What color does the right lung show in the picture?,Black,black,open,text_match,Color,unknown,unknown,unknown,unknown,Black,black,True,True,White,white,False,False,Black,black,True,True,Gray,gray,False,False,Gray,gray,False,False
12320,312,How many lungs are shown in this image?,2,2,open,text_match,Quantity,unknown,unknown,unknown,unknown,Two,two,False,False,Two,two,False,False,Two,two,False,False,Two,two,False,False,0,0,False,False
12321,312,How much damage will be caused to the body taking such an image?,A Little,a little,open,text_match,KG,unknown,unknown,unknown,unknown,Minimal,minimal,False,False,No,no,False,False,Minimal,minimal,False,False,Minimal,minimal,False,False,,none,False,False
12322,312,How to treat the disease located on the left of lung in this image?,"Physical therapy, surgical treatment",physical therapy surgical treatment,open,text_match,KG,unknown,unknown,unknown,unknown,Surgery,surgery,False,False,Surgery,surgery,False,False,Yes,yes,False,False,Surgery,surgery,False,False,The image provided does not show any specific disease or abnormality on the left side,the image provided does not show any specific disease or abnormality on the left side,False,False
12323,312,Which organs/organ in the picture belong to the respiratory system?,Lung,lung,open,text_match,KG,unknown,unknown,unknown,unknown,Lungs,lungs,False,True,Lungs,lungs,False,True,Lungs,lungs,False,True,Lungs,lungs,False,True,Lungs,lungs,False,True
12324,314,Is this image taken via X-Ray?,Yes,yes,closed,yes_no,Modality,unknown,unknown,unknown,unknown,Yes.,yes,True,True,No,no,False,False,Yes.,yes,True,True,Yes.,yes,True,True,Yes.,yes,True,True
12325,314,What is the scanning plane of this image?,Coronal Plane,coronal plane,open,text_match,Plane,unknown,unknown,unknown,unknown,AP,ap,False,False,Axial,axial,False,False,AP,ap,False,False,AP,ap,False,False,Axial,axial,False,False
12326,314,Which part of the body does this image belong to?,Chest,chest,open,text_match,Position,unknown,unknown,unknown,unknown,Chest,chest,True,True,Head,head,False,False,Chest,chest,True,True,Chest,chest,True,True,Eye,eye,False,False
12327,314,"Which side of lung is abnormal in this image,left or right?",Right,right,closed,text_match,Position,unknown,unknown,unknown,unknown,Right,right,True,True,Right,right,True,True,Right,right,True,True,Right,right,True,True,Right,right,True,True
12328,314,Where is the pneumonia in the lung?,Right Lung,right lung,open,text_match,Position,unknown,unknown,unknown,unknown,Left lung,left lung,False,False,Left lower lobe,left lower lobe,False,False,Left lung,left lung,False,False,Left lung,left lung,False,False,Left lower lobe,left lower lobe,False,False
12329,314,What organ system is primarily present in this image?,Chest,chest,open,text_match,Organ,unknown,unknown,unknown,unknown,Respiratory,respiratory,False,False,Respiratory,respiratory,False,False,Respiratory,respiratory,False,False,Respiratory,respiratory,False,False,Respiratory,respiratory,False,False
12330,314,What organ system is pictured?,Chest,chest,open,text_match,Organ,unknown,unknown,unknown,unknown,Respiratory,respiratory,False,False,Respiratory,respiratory,False,False,Respiratory,respiratory,False,False,Respiratory,respiratory,False,False,Respiratory,respiratory,False,False
12331,314,What disease is/are shown on the right of lung?,Pneumonia,pneumonia,open,text_match,Abnormality,unknown,unknown,unknown,unknown,Yes,yes,False,False,No,no,False,False,Yes,yes,False,False,Yes,yes,False,False,Yes,yes,False,False
12332,314,Does the lung look abnormal?,Yes,yes,closed,yes_no,Abnormality,unknown,unknown,unknown,unknown,Yes.,yes,True,True,Yes.,yes,True,True,Yes.,yes,True,True,Yes.,yes,True,True,Yes.,yes,True,True
12333,314,Can pneumonia be observed on the right lung in this picture?,Yes,yes,closed,yes_no,Abnormality,unknown,unknown,unknown,unknown,Yes.,yes,True,True,No,no,False,False,Yes.,yes,True,True,No,no,False,False,Yes.,yes,True,True
12334,314,What color does the right lung show in the picture?,Black,black,open,text_match,Color,unknown,unknown,unknown,unknown,White,white,False,False,White,white,False,False,White,white,False,False,Gray,gray,False,False,Gray,gray,False,False
12335,314,How many existing lungs in this image?,2,2,open,text_match,Quantity,unknown,unknown,unknown,unknown,Two,two,False,False,0,0,False,False,Two,two,False,False,Two,two,False,False,0,0,False,False
12336,314,What can the organ with black color in this image be used for?,Breathe,breathe,open,text_match,KG,unknown,unknown,unknown,unknown,Respiration,respiration,False,False,Filtering blood,filtering blood,False,False,Respiration,respiration,False,False,Respiration,respiration,False,False,Filter,filter,False,False
12337,314,How to treat the disease located on the right of lung in this image?,"Medical therapy, supportive therapy",medical therapy supportive therapy,open,text_match,KG,unknown,unknown,unknown,unknown,Medication,medication,False,False,Surgery,surgery,False,False,Yes,yes,False,False,Yes,yes,False,False,Yes,yes,False,False
12338,314,Which organs/organ is part of the circulatory system in this image?,Heart,heart,open,text_match,KG,unknown,unknown,unknown,unknown,Heart,heart,True,True,Heart,heart,True,True,Heart,heart,True,True,Heart,heart,True,True,Heart,heart,True,True
12339,320,What modality is shown in this image?,X-Ray,xray,open,text_match,Modality,unknown,unknown,unknown,unknown,X-ray,xray,True,True,MRI,mri,False,False,X-ray,xray,True,True,X-ray,xray,True,True,MRI,mri,False,False
12340,320,"Which plane is the image scanned, transverse plane or coronal plane?",Coronal Plane,coronal plane,closed,text_match,Plane,unknown,unknown,unknown,unknown,Coronal plane,coronal plane,True,True,Transverse plane,transverse plane,False,False,Coronal plane,coronal plane,True,True,Coronal plane,coronal plane,True,True,Transverse plane,transverse plane,False,False
12341,320,Do the organs in the image exist in the abdomen?,No,no,closed,yes_no,Position,unknown,unknown,unknown,unknown,Yes.,yes,False,False,Yes.,yes,False,False,No,no,True,True,No,no,True,True,No,no,True,True
12342,320,Where is the abnormality in this image?,Heart,heart,open,text_match,Position,unknown,unknown,unknown,unknown,Left lung,left lung,False,False,No,no,False,False,Left lung,left lung,False,False,Left lung,left lung,False,False,No,no,False,False
12343,320,Where is the cardiomegaly in this image?,Heart,heart,open,text_match,Position,unknown,unknown,unknown,unknown,Yes.,yes,False,False,Left side of the chest,left side of the chest,False,False,Yes.,yes,False,False,Yes.,yes,False,False,No,no,False,False
12344,320,Which organs appear in pairs?,Lung,lung,open,text_match,Organ,unknown,unknown,unknown,unknown,Lungs,lungs,False,True,Kidneys,kidneys,False,False,Lungs,lungs,False,True,Lungs,lungs,False,True,Lungs,lungs,False,True
12345,320,Which organ system is imaged?,Chest,chest,open,text_match,Organ,unknown,unknown,unknown,unknown,Respiratory,respiratory,False,False,Cardiovascular,cardiovascular,False,False,Respiratory,respiratory,False,False,Respiratory,respiratory,False,False,No,no,False,False
12346,320,What diseases are included in the picture?,Cardiomegaly,cardiomegaly,open,text_match,Abnormality,unknown,unknown,unknown,unknown,No,no,False,False,No,no,False,False,No,no,False,False,No,no,False,False,No,no,False,False
12347,320,Is this image normal?,No,no,closed,yes_no,Abnormality,unknown,unknown,unknown,unknown,No.,no,True,True,No.,no,True,True,No,no,True,True,No,no,True,True,No.,no,True,True
12348,320,Can cardiomegaly be observed on the heart in this picture?,Yes,yes,closed,yes_no,Abnormality,unknown,unknown,unknown,unknown,Yes.,yes,True,True,No,no,False,False,Yes.,yes,True,True,Yes.,yes,True,True,No,no,False,False
12349,320,What color does the left lung show in the picture?,Black,black,open,text_match,Color,unknown,unknown,unknown,unknown,Black,black,True,True,Black,black,True,True,Black,black,True,True,Gray,gray,False,False,Gray,gray,False,False
12350,320,How many organs are there in this image?,2,2,open,text_match,Quantity,unknown,unknown,unknown,unknown,Two,two,False,False,0,0,False,False,Two,two,False,False,Two,two,False,False,0,0,False,False
12351,320,What is the function of the main organ in this picture?,Breathe,breathe,open,text_match,KG,unknown,unknown,unknown,unknown,Respiration,respiration,False,False,Filter blood and produce urine,filter blood and produce urine,False,False,Respiration,respiration,False,False,Respiration,respiration,False,False,Filter blood,filter blood,False,False
12352,320,What kind of symptoms will the disease on the heart in this image bring to the patient?,"Chest tightness, arrhythmia",chest tightness arrhythmia,open,text_match,KG,unknown,unknown,unknown,unknown,Shortness of breath,shortness of breath,False,False,"The disease shown in the image, which appears to be cardiomyopathy, can",the disease shown in the image which appears to be cardiomyopathy can,False,False,Yes,yes,False,False,Yes,yes,False,False,No,no,False,False
12353,320,Which organs/organ is part of the circulatory system in this image?,Heart,heart,open,text_match,KG,unknown,unknown,unknown,unknown,Heart,heart,True,True,Heart,heart,True,True,Heart,heart,True,True,Heart,heart,True,True,No,no,False,False
12354,329,What type of medical image is this?,X-Ray,xray,open,text_match,Modality,unknown,unknown,unknown,unknown,X-ray,xray,True,True,MRI,mri,False,False,X-ray,xray,True,True,X-ray,xray,True,True,MRI,mri,False,False
12355,329,Is this sagittal plane?,No,no,closed,yes_no,Plane,unknown,unknown,unknown,unknown,No,no,True,True,No.,no,True,True,No,no,True,True,No,no,True,True,No,no,True,True
12356,329,Which part of the body does this image belong to?,Chest,chest,open,text_match,Position,unknown,unknown,unknown,unknown,Chest,chest,True,True,Head,head,False,False,Chest,chest,True,True,Chest,chest,True,True,Head,head,False,False
12357,329,Which lobe is abnormal in this image?,Left,left,open,text_match,Position,unknown,unknown,unknown,unknown,Left,left,True,True,Left lobe,left lobe,False,True,Right,right,False,False,Left,left,True,True,Left lobe,left lobe,False,True
12358,329,Where is the pulmonary infiltration in this image?,Lower Left Lung,lower left lung,open,text_match,Position,unknown,unknown,unknown,unknown,Left lung,left lung,False,True,Left lung,left lung,False,True,Left lung,left lung,False,True,Left lung,left lung,False,True,Yes.,yes,False,False
12359,329,What organ system is pictured?,Chest,chest,open,text_match,Organ,unknown,unknown,unknown,unknown,Respiratory,respiratory,False,False,Respiratory,respiratory,False,False,Respiratory,respiratory,False,False,Respiratory,respiratory,False,False,No,no,False,False
12360,329,What organ system is primarily present in this image?,Chest,chest,open,text_match,Organ,unknown,unknown,unknown,unknown,Respiratory,respiratory,False,False,Respiratory,respiratory,False,False,Respiratory,respiratory,False,False,Respiratory,respiratory,False,False,Respiratory,respiratory,False,False
12361,329,Does the lung look abnormal?,Yes,yes,closed,yes_no,Abnormality,unknown,unknown,unknown,unknown,Yes.,yes,True,True,Yes.,yes,True,True,Yes.,yes,True,True,No,no,False,False,Yes.,yes,True,True
12362,329,What diseases are included in the picture?,Pulmonary Infiltration,pulmonary infiltration,open,text_match,Abnormality,unknown,unknown,unknown,unknown,No,no,False,False,No,no,False,False,No,no,False,False,No,no,False,False,No,no,False,False
12363,329,Can pulmonary infiltration be observed on the upper right lung in this picture?,No,no,closed,yes_no,Abnormality,unknown,unknown,unknown,unknown,Yes.,yes,False,False,Yes.,yes,False,False,Yes.,yes,False,False,No,no,True,True,Yes.,yes,False,False
12364,329,What color does the left lung show in the picture?,Black,black,open,text_match,Color,unknown,unknown,unknown,unknown,Black,black,True,True,Black,black,True,True,Black,black,True,True,Gray,gray,False,False,Gray,gray,False,False
12365,329,How many organs are there in this image?,2,2,open,text_match,Quantity,unknown,unknown,unknown,unknown,Two,two,False,False,0,0,False,False,Two,two,False,False,Two,two,False,False,0,0,False,False
12366,329,What is the effect of the main organ in this picture?,Breathe,breathe,open,text_match,KG,unknown,unknown,unknown,unknown,Oxygenation,oxygenation,False,False,"The main organ in the picture is the heart, which pumps blood throughout the body",the main organ in the picture is the heart which pumps blood throughout the body,False,False,Oxygenation,oxygenation,False,False,Respiration,respiration,False,False,No,no,False,False
12367,329,How to prevent the occurrence of the disease on the lower left lobe of lung in this image?,"Live healthy, enhance physical fitness",live healthy enhance physical fitness,open,text_match,KG,unknown,unknown,unknown,unknown,Yes,yes,False,False,Avoid smoking and maintain good respiratory hygiene.,avoid smoking and maintain good respiratory hygiene,False,False,Yes,yes,False,False,No,no,False,False,No,no,False,False
12368,329,Which organs/organ is part of the respiratory system in this image?,Lung,lung,open,text_match,KG,unknown,unknown,unknown,unknown,Lungs,lungs,False,True,Lungs,lungs,False,True,Lungs,lungs,False,True,Lungs,lungs,False,True,Lungs,lungs,False,True
12369,338,What imaging modality was used?,X-Ray,xray,open,text_match,Modality,unknown,unknown,unknown,unknown,X-ray,xray,True,True,MRI,mri,False,False,X-ray,xray,True,True,X-ray,xray,True,True,MRI,mri,False,False
12370,338,"Which plane is the image scanned, transverse plane or coronal plane?",Coronal Plane,coronal plane,closed,text_match,Plane,unknown,unknown,unknown,unknown,Coronal plane,coronal plane,True,True,Transverse plane,transverse plane,False,False,Coronal plane,coronal plane,True,True,Coronal plane,coronal plane,True,True,Transverse plane,transverse plane,False,False
12371,338,Which part do the organs in this image locate from the aspect of the whole body?,Chest,chest,open,text_match,Position,unknown,unknown,unknown,unknown,Chest,chest,True,True,Abdomen,abdomen,False,False,Chest,chest,True,True,Chest,chest,True,True,Abdomen,abdomen,False,False
12372,338,Where is the abnormality in this image?,Lower Left Lung,lower left lung,open,text_match,Position,unknown,unknown,unknown,unknown,Left lung,left lung,False,True,No,no,False,False,Right lung,right lung,False,False,Right lung,right lung,False,False,No,no,False,False
12373,338,Where is the pulmonary nodule located in this image?,Lower Left Lung,lower left lung,open,text_match,Position,unknown,unknown,unknown,unknown,Left lung,left lung,False,True,Left lung,left lung,False,True,Left lung,left lung,False,True,Left lung,left lung,False,True,Left lung,left lung,False,True
12374,338,What is the organ system visualized?,Chest,chest,open,text_match,Organ,unknown,unknown,unknown,unknown,Respiratory,respiratory,False,False,Cardiovascular,cardiovascular,False,False,Respiratory,respiratory,False,False,Respiratory,respiratory,False,False,No,no,False,False
12375,338,Which organ system is imaged?,Chest,chest,open,text_match,Organ,unknown,unknown,unknown,unknown,Respiratory,respiratory,False,False,Cardiovascular,cardiovascular,False,False,Respiratory,respiratory,False,False,Respiratory,respiratory,False,False,Lungs,lungs,False,False
12376,338,Is the lung normal appearing?,No,no,closed,yes_no,Abnormality,unknown,unknown,unknown,unknown,No.,no,True,True,No.,no,True,True,No.,no,True,True,No,no,True,True,No.,no,True,True
12377,338,Is this image normal?,No,no,closed,yes_no,Abnormality,unknown,unknown,unknown,unknown,No,no,True,True,No.,no,True,True,No,no,True,True,No,no,True,True,No.,no,True,True
12378,338,Can nodule be observed on the lower left lung in this picture?,Yes,yes,closed,yes_no,Abnormality,unknown,unknown,unknown,unknown,Yes.,yes,True,True,No,no,False,False,Yes.,yes,True,True,Yes,yes,True,True,Yes.,yes,True,True
12379,338,What color does the right lung show in the picture?,Black,black,open,text_match,Color,unknown,unknown,unknown,unknown,White,white,False,False,White,white,False,False,White,white,False,False,Gray,gray,False,False,Gray,gray,False,False
12380,338,How many lungs are shown in this image?,2,2,open,text_match,Quantity,unknown,unknown,unknown,unknown,Two,two,False,False,Two,two,False,False,Two,two,False,False,Two,two,False,False,Two,two,False,False
12381,338,What is the function of the main organ in this picture?,Breathe,breathe,open,text_match,KG,unknown,unknown,unknown,unknown,Respiration,respiration,False,False,Filter blood and produce urine,filter blood and produce urine,False,False,Respiration,respiration,False,False,Respiration,respiration,False,False,Filter blood,filter blood,False,False
12382,338,How to treat the disease located on the lower left of lung in this image?,"Medical treatment, surgical treatment",medical treatment surgical treatment,open,text_match,KG,unknown,unknown,unknown,unknown,Yes,yes,False,False,The treatment for a disease located on the lower left of the lung would depend on,the treatment for a disease located on the lower left of the lung would depend on,False,False,Yes,yes,False,False,Surgery,surgery,False,False,The image provided does not show any specific disease or abnormality in the lower left,the image provided does not show any specific disease or abnormality in the lower left,False,False
12383,338,Which organs/organ is part of the circulatory system in this image?,Heart,heart,open,text_match,KG,unknown,unknown,unknown,unknown,Heart,heart,True,True,Heart,heart,True,True,Heart,heart,True,True,Heart,heart,True,True,Heart,heart,True,True
12384,344,What imaging modality was used?,X-Ray,xray,open,text_match,Modality,unknown,unknown,unknown,unknown,X-ray,xray,True,True,MRI,mri,False,False,X-ray,xray,True,True,X-ray,xray,True,True,MRI,mri,False,False
12385,344,"Which plane is the image scanned, transverse plane or coronal plane?",Coronal Plane,coronal plane,closed,text_match,Plane,unknown,unknown,unknown,unknown,Coronal plane,coronal plane,True,True,Transverse plane,transverse plane,False,False,Coronal plane,coronal plane,True,True,Coronal plane,coronal plane,True,True,Transverse plane,transverse plane,False,False
12386,344,Which part of the human body is the organ located in the image?,Chest,chest,open,text_match,Position,unknown,unknown,unknown,unknown,Thorax,thorax,False,False,Brain,brain,False,False,Chest,chest,True,True,Thorax,thorax,False,False,Brain,brain,False,False
12387,344,Where is/are the abnormality located in this picture?,Upper Right Lung,upper right lung,open,text_match,Position,unknown,unknown,unknown,unknown,Left lung,left lung,False,False,No,no,False,False,Right lung,right lung,False,True,Right lung,right lung,False,True,No,no,False,False
12388,344,Where is the nodule in this image?,Upper Right Lung,upper right lung,open,text_match,Position,unknown,unknown,unknown,unknown,Left lung,left lung,False,False,The nodule is located in the right upper lobe of the lung.,the nodule is located in the right upper lobe of the lung,False,False,Left lung,left lung,False,False,Left lung,left lung,False,False,Left lung,left lung,False,False
12389,344,Which organ system is imaged?,Chest,chest,open,text_match,Organ,unknown,unknown,unknown,unknown,Respiratory,respiratory,False,False,Cardiovascular,cardiovascular,False,False,Respiratory,respiratory,False,False,Respiratory,respiratory,False,False,No,no,False,False
12390,344,What organ system is pictured?,Chest,chest,open,text_match,Organ,unknown,unknown,unknown,unknown,Respiratory,respiratory,False,False,Respiratory,respiratory,False,False,Respiratory,respiratory,False,False,Respiratory,respiratory,False,False,No,no,False,False
12391,344,Does the patient have any abnormalities?,Yes,yes,closed,yes_no,Abnormality,unknown,unknown,unknown,unknown,No,no,False,False,No,no,False,False,No,no,False,False,No,no,False,False,No,no,False,False
12392,344,Is the lung healthy?,No,no,closed,yes_no,Abnormality,unknown,unknown,unknown,unknown,No,no,True,True,No,no,True,True,No,no,True,True,No,no,True,True,No,no,True,True
12393,344,Can nodule be observed on the upper right lung in this picture?,Yes,yes,closed,yes_no,Abnormality,unknown,unknown,unknown,unknown,Yes.,yes,True,True,No,no,False,False,Yes.,yes,True,True,Yes.,yes,True,True,Yes.,yes,True,True
12394,344,What color does the right lung show in the picture?,Black,black,open,text_match,Color,unknown,unknown,unknown,unknown,Black,black,True,True,White,white,False,False,Black,black,True,True,Gray,gray,False,False,Gray,gray,False,False
12395,344,How many lungs are shown in this image?,2,2,open,text_match,Quantity,unknown,unknown,unknown,unknown,Two,two,False,False,Two,two,False,False,Two,two,False,False,Two,two,False,False,0,0,False,False
12396,344,What is the function of the main organ in this picture?,Breathe,breathe,open,text_match,KG,unknown,unknown,unknown,unknown,Respiration,respiration,False,False,Filter blood and produce urine,filter blood and produce urine,False,False,Respiration,respiration,False,False,Respiration,respiration,False,False,Filter blood,filter blood,False,False
12397,344,What kind of symptoms will the disease on the upper right lung bring to the patient?,"Chest tightness, fatigue",chest tightness fatigue,open,text_match,KG,unknown,unknown,unknown,unknown,Coughing,coughing,False,False,Coughing,coughing,False,False,Coughing,coughing,False,False,Coughing,coughing,False,False,Yes,yes,False,False
12398,344,Which organs/organ in the picture belong to the respiratory system?,Lung,lung,open,text_match,KG,unknown,unknown,unknown,unknown,Lungs,lungs,False,True,Lungs,lungs,False,True,Lungs,lungs,False,True,Lungs,lungs,False,True,Lungs,lungs,False,True
12399,350,Is this an MRI scan?,No,no,closed,yes_no,Modality,unknown,unknown,unknown,unknown,No,no,True,True,No.,no,True,True,No,no,True,True,No,no,True,True,No.,no,True,True
12400,350,Is this a coronal plane?,Yes,yes,closed,yes_no,Plane,unknown,unknown,unknown,unknown,Yes.,yes,True,True,No,no,False,False,Yes.,yes,True,True,Yes.,yes,True,True,No,no,False,False
12401,350,Do the organs in the image exist in the chest?,Yes,yes,closed,yes_no,Position,unknown,unknown,unknown,unknown,Yes.,yes,True,True,No,no,False,False,Yes.,yes,True,True,Yes.,yes,True,True,No,no,False,False
12402,350,Where is the abnormality in this image?,Upper Left Lung,upper left lung,open,text_match,Position,unknown,unknown,unknown,unknown,Right lung,right lung,False,False,No,no,False,False,Left lung,left lung,False,True,Left side,left side,False,False,No,no,False,False
12403,350,What part of the lung is the pneumothorax located in?,Upper Left Lung,upper left lung,open,text_match,Position,unknown,unknown,unknown,unknown,Right lung,right lung,False,False,Right lung,right lung,False,False,Right lung,right lung,False,False,Left lung,left lung,False,True,Right lung,right lung,False,False
12404,350,What organ system is pictured?,Chest,chest,open,text_match,Organ,unknown,unknown,unknown,unknown,Respiratory,respiratory,False,False,Respiratory,respiratory,False,False,Respiratory,respiratory,False,False,Respiratory,respiratory,False,False,No,no,False,False
12405,350,Which organ system is imaged?,Chest,chest,open,text_match,Organ,unknown,unknown,unknown,unknown,Respiratory,respiratory,False,False,Cardiovascular,cardiovascular,False,False,Respiratory,respiratory,False,False,Respiratory,respiratory,False,False,No,no,False,False
12406,350,Is the lung normal appearing?,No,no,closed,yes_no,Abnormality,unknown,unknown,unknown,unknown,No,no,True,True,No.,no,True,True,No.,no,True,True,No.,no,True,True,No.,no,True,True
12407,350,Is/Are there abnormalities in the patient's left lung?,Yes,yes,closed,yes_no,Abnormality,unknown,unknown,unknown,unknown,Yes.,yes,True,True,No,no,False,False,Yes.,yes,True,True,No,no,False,False,No,no,False,False
12408,350,Can pneumothorax be observed on the lower right lung in this picture?,No,no,closed,yes_no,Abnormality,unknown,unknown,unknown,unknown,No,no,True,True,No,no,True,True,No,no,True,True,No,no,True,True,No,no,True,True
12409,350,What color is the lung in the picture?,Black,black,open,text_match,Color,unknown,unknown,unknown,unknown,Gray,gray,False,False,Gray,gray,False,False,Gray,gray,False,False,Gray,gray,False,False,Gray,gray,False,False
12410,350,How many organs are there in this image?,2,2,open,text_match,Quantity,unknown,unknown,unknown,unknown,Two,two,False,False,0,0,False,False,Two,two,False,False,Two,two,False,False,0,0,False,False
12411,350,How much damage will be caused to the body taking such an image?,A Little,a little,open,text_match,KG,unknown,unknown,unknown,unknown,Minimal,minimal,False,False,No,no,False,False,Minimal,minimal,False,False,Minimal,minimal,False,False,,none,False,False
12412,350,How to treat the disease located on the upper left of lung in this image?,"Medical therapy, supportive therapy",medical therapy supportive therapy,open,text_match,KG,unknown,unknown,unknown,unknown,Surgery,surgery,False,False,The treatment for a disease located on the upper left of the lung would depend on,the treatment for a disease located on the upper left of the lung would depend on,False,False,Yes,yes,False,False,Yes,yes,False,False,The image provided does not show any specific disease or abnormality in the lungs.,the image provided does not show any specific disease or abnormality in the lungs,False,False
12413,350,Which organs/organ in the picture belong to the circulatory system?,Heart,heart,open,text_match,KG,unknown,unknown,unknown,unknown,Heart,heart,True,True,Heart,heart,True,True,Heart,heart,True,True,Heart,heart,True,True,No,no,False,False
12414,357,Is this a X-Ray?,Yes,yes,closed,yes_no,Modality,unknown,unknown,unknown,unknown,Yes.,yes,True,True,No,no,False,False,Yes.,yes,True,True,Yes.,yes,True,True,Yes.,yes,True,True
12415,357,What scanning plane does this image belong to?,Coronal Plane,coronal plane,open,text_match,Plane,unknown,unknown,unknown,unknown,Coronal,coronal,False,True,Axial,axial,False,False,Coronal,coronal,False,True,Coronal,coronal,False,True,Axial,axial,False,False
12416,357,Do the organs in the image exist in the abdomen?,No,no,closed,yes_no,Position,unknown,unknown,unknown,unknown,Yes.,yes,False,False,Yes.,yes,False,False,No,no,True,True,No,no,True,True,No,no,True,True
12417,357,Where is the abnormality in this image?,Lower Left Lung,lower left lung,open,text_match,Position,unknown,unknown,unknown,unknown,Left lung,left lung,False,True,No,no,False,False,Left lung,left lung,False,True,Left side,left side,False,False,No,no,False,False
12418,357,Where is the pneumothorax in this image?,Lower Left Lung,lower left lung,open,text_match,Position,unknown,unknown,unknown,unknown,Right side,right side,False,False,Right lung,right lung,False,False,Right side,right side,False,False,Right side,right side,False,False,Right lung,right lung,False,False
12419,357,What organ system is pictured?,Chest,chest,open,text_match,Organ,unknown,unknown,unknown,unknown,Respiratory,respiratory,False,False,Respiratory,respiratory,False,False,Respiratory,respiratory,False,False,Respiratory,respiratory,False,False,No,no,False,False
12420,357,Which organ system is imaged?,Chest,chest,open,text_match,Organ,unknown,unknown,unknown,unknown,Respiratory,respiratory,False,False,Cardiovascular,cardiovascular,False,False,Respiratory,respiratory,False,False,Respiratory,respiratory,False,False,No,no,False,False
12421,357,Are there abnormalities in this image?,Yes,yes,closed,yes_no,Abnormality,unknown,unknown,unknown,unknown,Yes.,yes,True,True,No,no,False,False,No,no,False,False,No,no,False,False,No,no,False,False
12422,357,Is the lung healthy?,No,no,closed,yes_no,Abnormality,unknown,unknown,unknown,unknown,No,no,True,True,No,no,True,True,No,no,True,True,No,no,True,True,No,no,True,True
12423,357,Can pneumothorax be observed on the lower left lung in this picture?,Yes,yes,closed,yes_no,Abnormality,unknown,unknown,unknown,unknown,No,no,False,False,No,no,False,False,No,no,False,False,No,no,False,False,No,no,False,False
12424,357,What color is the lung in the picture?,Black,black,open,text_match,Color,unknown,unknown,unknown,unknown,Black,black,True,True,Gray,gray,False,False,Black,black,True,True,Gray,gray,False,False,Gray,gray,False,False
12425,357,How many existing heart in this image?,1,1,open,text_match,Quantity,unknown,unknown,unknown,unknown,One,one,False,False,0,0,False,False,One,one,False,False,One,one,False,False,0,0,False,False
12426,357,What is the effect of the center organ in this picture?,Promote blood flow,promote blood flow,open,text_match,KG,unknown,unknown,unknown,unknown,Compression,compression,False,False,"The center organ in the image is the heart, which pumps blood throughout the body",the center organ in the image is the heart which pumps blood throughout the body,False,False,No,no,False,False,Respiratory function,respiratory function,False,False,No,no,False,False
12427,357,What is the main cause of the disease on the lower left of the lung in the picture?,"Chest injury, lung disease, bullae",chest injury lung disease bullae,open,text_match,KG,unknown,unknown,unknown,unknown,Infection,infection,False,False,Infection,infection,False,False,Infection,infection,False,False,Tumor,tumor,False,False,Infection,infection,False,False
12428,357,Which organs/organ in the picture belong to the circulatory system?,Heart,heart,open,text_match,KG,unknown,unknown,unknown,unknown,Heart,heart,True,True,Heart,heart,True,True,Heart,heart,True,True,Heart,heart,True,True,No,no,False,False
12429,361,Is this image taken via X-Ray?,Yes,yes,closed,yes_no,Modality,unknown,unknown,unknown,unknown,Yes.,yes,True,True,No,no,False,False,Yes.,yes,True,True,Yes.,yes,True,True,Yes.,yes,True,True
12430,361,In what plane is this image scanned?,Coronal Plane,coronal plane,open,text_match,Plane,unknown,unknown,unknown,unknown,Coronal,coronal,False,True,Coronal,coronal,False,True,Coronal,coronal,False,True,Coronal,coronal,False,True,Axial,axial,False,False
12431,361,Which part of the human body is the organ located in the image?,Chest,chest,open,text_match,Position,unknown,unknown,unknown,unknown,Chest,chest,True,True,Brain,brain,False,False,Thorax,thorax,False,False,Thorax,thorax,False,False,Brain,brain,False,False
12432,361,Where is the abnormality in this image?,Left Lung,left lung,open,text_match,Position,unknown,unknown,unknown,unknown,Left lung,left lung,True,True,No,no,False,False,Left lung,left lung,True,True,Left side,left side,False,False,No,no,False,False
12433,361,Where is/are the nodule located in this image?,Left Lung,left lung,open,text_match,Position,unknown,unknown,unknown,unknown,Left lung,left lung,True,True,Left lung,left lung,True,True,Left lung,left lung,True,True,Left lung,left lung,True,True,Left lung,left lung,True,True
12434,361,What is the main organ in the image?,Lung,lung,open,text_match,Organ,unknown,unknown,unknown,unknown,Lungs,lungs,False,True,No,no,False,False,Lungs,lungs,False,True,Lung,lung,True,True,No,no,False,False
12435,361,What organ system is pictured?,Chest,chest,open,text_match,Organ,unknown,unknown,unknown,unknown,Respiratory,respiratory,False,False,Respiratory,respiratory,False,False,Respiratory,respiratory,False,False,Respiratory,respiratory,False,False,No,no,False,False
12436,361,Is the lung healthy?,No,no,closed,yes_no,Abnormality,unknown,unknown,unknown,unknown,No,no,True,True,No,no,True,True,No.,no,True,True,No,no,True,True,No,no,True,True
12437,361,Is the lung abnormal?,Yes,yes,closed,yes_no,Abnormality,unknown,unknown,unknown,unknown,Yes.,yes,True,True,No,no,False,False,Yes.,yes,True,True,Yes.,yes,True,True,Yes.,yes,True,True
12438,361,Can nodule be observed on the lower right lung in this picture?,No,no,closed,yes_no,Abnormality,unknown,unknown,unknown,unknown,Yes.,yes,False,False,No,no,True,True,Yes.,yes,False,False,Yes.,yes,False,False,Yes.,yes,False,False
12439,361,What color is the lung in the picture?,Black,black,open,text_match,Color,unknown,unknown,unknown,unknown,Black,black,True,True,Gray,gray,False,False,Gray,gray,False,False,Gray,gray,False,False,Gray,gray,False,False
12440,361,How many organs are there in this image?,2,2,open,text_match,Quantity,unknown,unknown,unknown,unknown,Two,two,False,False,0,0,False,False,Two,two,False,False,Two,two,False,False,0,0,False,False
12441,361,What is the function of the main organ in this picture?,Breathe,breathe,open,text_match,KG,unknown,unknown,unknown,unknown,Respiration,respiration,False,False,Filter blood and produce urine,filter blood and produce urine,False,False,Respiration,respiration,False,False,Respiration,respiration,False,False,Filter blood,filter blood,False,False
12442,361,How to prevent the occurrence of the disease on the left lobe of lung in this image?,"Quit smoking, enhance physical fitness",quit smoking enhance physical fitness,open,text_match,KG,unknown,unknown,unknown,unknown,Yes,yes,False,False,Avoid smoking and maintain good air quality to reduce the risk of developing lung diseases such,avoid smoking and maintain good air quality to reduce the risk of developing lung diseases such,False,False,Yes,yes,False,False,Yes,yes,False,False,Yes,yes,False,False
12443,361,Which organs/organ in the picture belong to the respiratory system?,Lung,lung,open,text_match,KG,unknown,unknown,unknown,unknown,Lungs,lungs,False,True,Lungs,lungs,False,True,Lungs,lungs,False,True,Lungs,lungs,False,True,Lungs,lungs,False,True
12444,367,Is this image taken via X-Ray?,Yes,yes,closed,yes_no,Modality,unknown,unknown,unknown,unknown,Yes.,yes,True,True,No,no,False,False,Yes.,yes,True,True,Yes.,yes,True,True,Yes.,yes,True,True
12445,367,What scanning plane does this image belong to?,Coronal Plane,coronal plane,open,text_match,Plane,unknown,unknown,unknown,unknown,Frontal,frontal,False,False,Axial,axial,False,False,Coronal,coronal,False,True,Coronal,coronal,False,True,Axial,axial,False,False
12446,367,Where does the picture show?,Chest,chest,open,text_match,Position,unknown,unknown,unknown,unknown,Chest,chest,True,True,No,no,False,False,Chest,chest,True,True,Chest,chest,True,True,Head,head,False,False
12447,367,"Which side of lung is abnormal in this image,left or right?",Left,left,closed,text_match,Position,unknown,unknown,unknown,unknown,Right,right,False,False,Right,right,False,False,Right,right,False,False,Right,right,False,False,Right,right,False,False
12448,367,What part of the lung is the pneumonia located in?,Lower Left Lung,lower left lung,open,text_match,Position,unknown,unknown,unknown,unknown,Left lung,left lung,False,True,Left lower lobe,left lower lobe,False,False,Left lung,left lung,False,True,Left lower lobe,left lower lobe,False,False,Left lower lobe,left lower lobe,False,False
12449,367,What is the organ system visualized?,Chest,chest,open,text_match,Organ,unknown,unknown,unknown,unknown,Respiratory,respiratory,False,False,Cardiovascular,cardiovascular,False,False,Respiratory,respiratory,False,False,Cardiovascular,cardiovascular,False,False,No,no,False,False
12450,367,Which organs appear in pairs?,Lung,lung,open,text_match,Organ,unknown,unknown,unknown,unknown,Lungs,lungs,False,True,Kidneys,kidneys,False,False,Lungs,lungs,False,True,Lungs,lungs,False,True,Lungs,lungs,False,True
12451,367,Are there abnormalities in this image?,Yes,yes,closed,yes_no,Abnormality,unknown,unknown,unknown,unknown,Yes.,yes,True,True,No,no,False,False,Yes.,yes,True,True,Yes.,yes,True,True,Yes.,yes,True,True
12452,367,Is the lung healthy?,No,no,closed,yes_no,Abnormality,unknown,unknown,unknown,unknown,No,no,True,True,No,no,True,True,No,no,True,True,No,no,True,True,No,no,True,True
12453,367,Can pneumonia be observed on the upper right lung in this picture?,No,no,closed,yes_no,Abnormality,unknown,unknown,unknown,unknown,Yes.,yes,False,False,No,no,True,True,Yes.,yes,False,False,Yes.,yes,False,False,Yes.,yes,False,False
12454,367,What color does the right lung show in the picture?,Black,black,open,text_match,Color,unknown,unknown,unknown,unknown,White,white,False,False,White,white,False,False,White,white,False,False,Gray,gray,False,False,White,white,False,False
12455,367,How many lungs are shown in this image?,2,2,open,text_match,Quantity,unknown,unknown,unknown,unknown,Two,two,False,False,Two,two,False,False,Two,two,False,False,Two,two,False,False,Two,two,False,False
12456,367,What is the effect of the center organ in this picture?,Promote blood flow,promote blood flow,open,text_match,KG,unknown,unknown,unknown,unknown,Heart,heart,False,False,"The center organ in the image is the heart, which pumps blood throughout the body",the center organ in the image is the heart which pumps blood throughout the body,False,False,Compression,compression,False,False,Filter,filter,False,False,No,no,False,False
12457,367,How to treat the disease located on the lower left of lung in this image?,"Medical therapy, supportive therapy",medical therapy supportive therapy,open,text_match,KG,unknown,unknown,unknown,unknown,Yes,yes,False,False,The treatment for a disease located on the lower left of the lung would depend on,the treatment for a disease located on the lower left of the lung would depend on,False,False,Yes,yes,False,False,Surgery,surgery,False,False,Yes,yes,False,False
12458,367,Which organs/organ in the picture belong to the respiratory system?,Lung,lung,open,text_match,KG,unknown,unknown,unknown,unknown,Lungs,lungs,False,True,Lungs,lungs,False,True,Lungs,lungs,False,True,Lungs,lungs,False,True,Lungs,lungs,False,True
12459,374,What type of medical image is this?,X-Ray,xray,open,text_match,Modality,unknown,unknown,unknown,unknown,X-ray,xray,True,True,MRI,mri,False,False,X-ray,xray,True,True,X-ray,xray,True,True,MRI,mri,False,False
12460,374,Is this a coronal plane?,Yes,yes,closed,yes_no,Plane,unknown,unknown,unknown,unknown,Yes.,yes,True,True,No,no,False,False,Yes.,yes,True,True,Yes.,yes,True,True,No,no,False,False
12461,374,Which part do the organs in this image locate from the aspect of the whole body?,Chest,chest,open,text_match,Position,unknown,unknown,unknown,unknown,Chest,chest,True,True,Abdomen,abdomen,False,False,Chest,chest,True,True,Chest,chest,True,True,Abdomen,abdomen,False,False
12462,374,Where is the abnormality in this image?,Upper Right Lung,upper right lung,open,text_match,Position,unknown,unknown,unknown,unknown,Left lung,left lung,False,False,No,no,False,False,Left lung,left lung,False,False,Left lung,left lung,False,False,No,no,False,False
12463,374,What part of the lung is the pneumonia located in?,Upper Right Lung,upper right lung,open,text_match,Position,unknown,unknown,unknown,unknown,Left lower lobe,left lower lobe,False,False,Left lower lobe,left lower lobe,False,False,Left lower lobe,left lower lobe,False,False,Left lower lobe,left lower lobe,False,False,Left lower lobe,left lower lobe,False,False
12464,374,Which organ system is imaged?,Chest,chest,open,text_match,Organ,unknown,unknown,unknown,unknown,Respiratory,respiratory,False,False,Cardiovascular,cardiovascular,False,False,Respiratory,respiratory,False,False,Respiratory,respiratory,False,False,No,no,False,False
12465,374,Is this a study of the neck?,No,no,closed,yes_no,Organ,unknown,unknown,unknown,unknown,No,no,True,True,No,no,True,True,No,no,True,True,No,no,True,True,Yes.,yes,False,False
12466,374,Does the lung look abnormal?,Yes,yes,closed,yes_no,Abnormality,unknown,unknown,unknown,unknown,No,no,False,False,Yes.,yes,True,True,No,no,False,False,No,no,False,False,Yes.,yes,True,True
12467,374,Are there abnormalities in this image?,Yes,yes,closed,yes_no,Abnormality,unknown,unknown,unknown,unknown,No,no,False,False,No,no,False,False,No,no,False,False,No,no,False,False,Yes.,yes,True,True
12468,374,Can pneumonia be observed on the upper right lung in this picture?,Yes,yes,closed,yes_no,Abnormality,unknown,unknown,unknown,unknown,Yes.,yes,True,True,No,no,False,False,Yes.,yes,True,True,Yes.,yes,True,True,Yes.,yes,True,True
12469,374,What color is the lung in the picture?,Black,black,open,text_match,Color,unknown,unknown,unknown,unknown,Black,black,True,True,Gray,gray,False,False,Black,black,True,True,Gray,gray,False,False,Gray,gray,False,False
12470,374,How many existing heart in this image?,1,1,open,text_match,Quantity,unknown,unknown,unknown,unknown,One,one,False,False,0,0,False,False,One,one,False,False,One,one,False,False,0,0,False,False
12471,374,What is the function of the main organ in this picture?,Breathe,breathe,open,text_match,KG,unknown,unknown,unknown,unknown,Respiration,respiration,False,False,Filter blood and produce urine,filter blood and produce urine,False,False,Respiration,respiration,False,False,Respiration,respiration,False,False,Filter blood,filter blood,False,False
12472,374,How to prevent the occurrence of the disease on the upper right lobe of lung in this image?,"Pay attention to prevent cold and keep warm, enhance physical fitness",pay attention to prevent cold and keep warm enhance physical fitness,open,text_match,KG,unknown,unknown,unknown,unknown,Yes,yes,False,False,Avoid smoking and maintain good air quality to reduce the risk of lung diseases.,avoid smoking and maintain good air quality to reduce the risk of lung diseases,False,False,Yes,yes,False,False,Yes,yes,False,False,Yes,yes,False,False
12473,374,Which organs/organ is part of the respiratory system in this image?,Lung,lung,open,text_match,KG,unknown,unknown,unknown,unknown,Lungs,lungs,False,True,Lungs,lungs,False,True,Lungs,lungs,False,True,Lungs,lungs,False,True,Lung,lung,True,True
12474,375,How was this image taken?,X-Ray,xray,open,text_match,Modality,unknown,unknown,unknown,unknown,Yes.,yes,False,False,No,no,False,False,Yes.,yes,False,False,X-ray,xray,True,True,MRI,mri,False,False
12475,375,Is this a transverse section?,No,no,closed,yes_no,Plane,unknown,unknown,unknown,unknown,No,no,True,True,No,no,True,True,No,no,True,True,No,no,True,True,No,no,True,True
12476,375,Where does the picture show?,Chest,chest,open,text_match,Position,unknown,unknown,unknown,unknown,Chest,chest,True,True,No,no,False,False,Lungs,lungs,False,False,Chest,chest,True,True,Brain,brain,False,False
12477,375,Which side of lung is abnormal in this image?,Right,right,open,text_match,Position,unknown,unknown,unknown,unknown,Right,right,True,True,Right,right,True,True,Right,right,True,True,Right,right,True,True,Right,right,True,True
12478,375,Where is the pneumonia in the lung?,Lower Right Lung,lower right lung,open,text_match,Position,unknown,unknown,unknown,unknown,Left lung,left lung,False,False,Left lower lobe,left lower lobe,False,False,Left lung,left lung,False,False,Left lung,left lung,False,False,Left upper lobe,left upper lobe,False,False
12479,375,Is this a study of the chest?,Yes,yes,closed,yes_no,Organ,unknown,unknown,unknown,unknown,Yes.,yes,True,True,Yes.,yes,True,True,Yes.,yes,True,True,Yes.,yes,True,True,Yes.,yes,True,True
12480,375,What is the organ system visualized?,Chest,chest,open,text_match,Organ,unknown,unknown,unknown,unknown,Respiratory,respiratory,False,False,Cardiovascular,cardiovascular,False,False,Respiratory,respiratory,False,False,Respiratory,respiratory,False,False,No,no,False,False
12481,375,What disease is/are shown on the right of lung?,Pneumonia,pneumonia,open,text_match,Abnormality,unknown,unknown,unknown,unknown,Yes,yes,False,False,No,no,False,False,Yes,yes,False,False,Yes,yes,False,False,No,no,False,False
12482,375,Is the lung normal appearing?,No,no,closed,yes_no,Abnormality,unknown,unknown,unknown,unknown,No.,no,True,True,No.,no,True,True,No.,no,True,True,No.,no,True,True,No,no,True,True
12483,375,Can pneumonia be observed on the lower right lung in this picture?,Yes,yes,closed,yes_no,Abnormality,unknown,unknown,unknown,unknown,Yes.,yes,True,True,No,no,False,False,Yes.,yes,True,True,Yes.,yes,True,True,Yes.,yes,True,True
12484,375,What color does the right lung show in the picture?,Black,black,open,text_match,Color,unknown,unknown,unknown,unknown,Black,black,True,True,White,white,False,False,Black,black,True,True,Gray,gray,False,False,White,white,False,False
12485,375,How many existing lungs in this image?,2,2,open,text_match,Quantity,unknown,unknown,unknown,unknown,Two,two,False,False,0,0,False,False,Two,two,False,False,Two,two,False,False,0,0,False,False
12486,375,What is the effect of the center organ in this picture?,Promote blood flow,promote blood flow,open,text_match,KG,unknown,unknown,unknown,unknown,Compression,compression,False,False,"The center organ in the image is the heart, which pumps blood throughout the body",the center organ in the image is the heart which pumps blood throughout the body,False,False,Compression,compression,False,False,Respiratory function,respiratory function,False,False,No,no,False,False
12487,375,How to prevent the occurrence of the disease on the lower right lobe of lung in this image?,"Pay attention to prevent cold and keep warm, enhance physical fitness",pay attention to prevent cold and keep warm enhance physical fitness,open,text_match,KG,unknown,unknown,unknown,unknown,Yes,yes,False,False,Avoid smoking and maintain good respiratory hygiene.,avoid smoking and maintain good respiratory hygiene,False,False,Yes,yes,False,False,Yes,yes,False,False,Yes,yes,False,False
12488,375,Which organs/organ is part of the circulatory system in this image?,Heart,heart,open,text_match,KG,unknown,unknown,unknown,unknown,Heart,heart,True,True,Heart,heart,True,True,Heart,heart,True,True,Heart,heart,True,True,Heart,heart,True,True
12489,378,Is this image taken via CT?,No,no,closed,yes_no,Modality,unknown,unknown,unknown,unknown,No,no,True,True,No,no,True,True,No,no,True,True,Yes.,yes,False,False,No,no,True,True
12490,378,Is this a transverse plane?,No,no,closed,yes_no,Plane,unknown,unknown,unknown,unknown,No.,no,True,True,No,no,True,True,No,no,True,True,No,no,True,True,No,no,True,True
12491,378,Where does the picture show?,Chest,chest,open,text_match,Position,unknown,unknown,unknown,unknown,Chest,chest,True,True,No,no,False,False,Chest,chest,True,True,Chest,chest,True,True,No,no,False,False
12492,378,Which side of lung is abnormal in this image?,Left,left,open,text_match,Position,unknown,unknown,unknown,unknown,Right,right,False,False,Right,right,False,False,Right,right,False,False,Right,right,False,False,Right,right,False,False
12493,378,What part of the lung is the infiltration located in?,Lower Left Lung,lower left lung,open,text_match,Position,unknown,unknown,unknown,unknown,Left lower lobe,left lower lobe,False,False,Left lower lobe,left lower lobe,False,False,Left lower lobe,left lower lobe,False,False,Left lower lobe,left lower lobe,False,False,Left lower lobe,left lower lobe,False,False
12494,378,Which organs appear in pairs?,Lung,lung,open,text_match,Organ,unknown,unknown,unknown,unknown,Lungs,lungs,False,True,Kidneys,kidneys,False,False,Lungs,lungs,False,True,Lungs,lungs,False,True,Lungs,lungs,False,True
12495,378,What is the main organ in the image?,Lung,lung,open,text_match,Organ,unknown,unknown,unknown,unknown,Lungs,lungs,False,True,No,no,False,False,Lungs,lungs,False,True,Lungs,lungs,False,True,No,no,False,False
12496,378,Is/Are there abnormalities in the patient's left lung?,Yes,yes,closed,yes_no,Abnormality,unknown,unknown,unknown,unknown,Yes.,yes,True,True,No,no,False,False,Yes.,yes,True,True,Yes.,yes,True,True,No,no,False,False
12497,378,What disease is/are shown on the lower left of lung?,Pulmonary Infiltration,pulmonary infiltration,open,text_match,Abnormality,unknown,unknown,unknown,unknown,Yes,yes,False,False,No,no,False,False,Yes,yes,False,False,Yes,yes,False,False,No,no,False,False
12498,378,Can infiltration be observed on the lower left lung in this picture?,Yes,yes,closed,yes_no,Abnormality,unknown,unknown,unknown,unknown,Yes.,yes,True,True,Yes.,yes,True,True,Yes.,yes,True,True,Yes.,yes,True,True,Yes.,yes,True,True
12499,378,What color is the lung in the picture?,Black,black,open,text_match,Color,unknown,unknown,unknown,unknown,Black,black,True,True,Gray,gray,False,False,Black,black,True,True,Gray,gray,False,False,Gray,gray,False,False
12500,378,How many existing lungs in this image?,2,2,open,text_match,Quantity,unknown,unknown,unknown,unknown,Two,two,False,False,0,0,False,False,Two,two,False,False,Two,two,False,False,0,0,False,False
12501,378,What can the organ with black color in this image be used for?,Breathe,breathe,open,text_match,KG,unknown,unknown,unknown,unknown,Respiration,respiration,False,False,Filtering blood,filtering blood,False,False,Respiration,respiration,False,False,Respiration,respiration,False,False,Filtering blood,filtering blood,False,False
12502,378,What kind of symptoms will the disease on the lower left of lung bring to the patient?,"Chest pain, cough, expectoration",chest pain cough expectoration,open,text_match,KG,unknown,unknown,unknown,unknown,Coughing,coughing,False,False,Coughing,coughing,False,False,Coughing,coughing,False,False,Coughing,coughing,False,False,Yes,yes,False,False
12503,378,Which organs/organ is part of the circulatory system in this image?,Heart,heart,open,text_match,KG,unknown,unknown,unknown,unknown,Heart,heart,True,True,Heart,heart,True,True,Heart,heart,True,True,Heart,heart,True,True,Heart,heart,True,True
12504,385,Is this image taken via X-Ray?,Yes,yes,closed,yes_no,Modality,unknown,unknown,unknown,unknown,Yes.,yes,True,True,No,no,False,False,Yes.,yes,True,True,Yes.,yes,True,True,No,no,False,False
12505,385,Is this a coronal section?,Yes,yes,closed,yes_no,Plane,unknown,unknown,unknown,unknown,Yes.,yes,True,True,No,no,False,False,Yes.,yes,True,True,Yes.,yes,True,True,No,no,False,False
12506,385,Where does the image represent in the body?,Chest,chest,open,text_match,Position,unknown,unknown,unknown,unknown,Chest,chest,True,True,Brain,brain,False,False,Chest,chest,True,True,Chest,chest,True,True,Brain,brain,False,False
12507,385,Which part of chest is abnormal in this image?,Lower Left Lung,lower left lung,open,text_match,Position,unknown,unknown,unknown,unknown,Right lung,right lung,False,False,Right lung,right lung,False,False,Right lung,right lung,False,False,Right lung,right lung,False,False,Right upper lobe,right upper lobe,False,False
12508,385,Where is/are the effusion located?,Lower Left Lung,lower left lung,open,text_match,Position,unknown,unknown,unknown,unknown,Right side,right side,False,False,Right pleural cavity,right pleural cavity,False,False,Right side,right side,False,False,Right side,right side,False,False,Right pleural cavity,right pleural cavity,False,False
12509,385,Which organ system is imaged?,Chest,chest,open,text_match,Organ,unknown,unknown,unknown,unknown,Respiratory,respiratory,False,False,Cardiovascular,cardiovascular,False,False,Respiratory,respiratory,False,False,Respiratory,respiratory,False,False,No,no,False,False
12510,385,Is this a study of the head?,No,no,closed,yes_no,Organ,unknown,unknown,unknown,unknown,No,no,True,True,No,no,True,True,No,no,True,True,No,no,True,True,No.,no,True,True
12511,385,Does the patient have any abnormalities?,Yes,yes,closed,yes_no,Abnormality,unknown,unknown,unknown,unknown,No,no,False,False,No,no,False,False,No,no,False,False,No,no,False,False,No,no,False,False
12512,385,Does the lung look abnormal?,Yes,yes,closed,yes_no,Abnormality,unknown,unknown,unknown,unknown,Yes.,yes,True,True,Yes.,yes,True,True,Yes.,yes,True,True,No,no,False,False,Yes.,yes,True,True
12513,385,Can effusion be observed on the lower left lung in this picture?,Yes,yes,closed,yes_no,Abnormality,unknown,unknown,unknown,unknown,Yes.,yes,True,True,No,no,False,False,Yes.,yes,True,True,No,no,False,False,No,no,False,False
12514,385,What color does the left lung show in the picture?,Black,black,open,text_match,Color,unknown,unknown,unknown,unknown,Black,black,True,True,Black,black,True,True,Black,black,True,True,Gray,gray,False,False,Gray,gray,False,False
12515,385,How many lungs are shown in this image?,2,2,open,text_match,Quantity,unknown,unknown,unknown,unknown,Two,two,False,False,Two,two,False,False,Two,two,False,False,Two,two,False,False,0,0,False,False
12516,385,What can the organ with black color in this image be used for?,Breathe,breathe,open,text_match,KG,unknown,unknown,unknown,unknown,Respiration,respiration,False,False,Filtering blood,filtering blood,False,False,Respiration,respiration,False,False,Respiration,respiration,False,False,Filtering blood,filtering blood,False,False
12517,385,What is the main cause of the disease on the lower left of the lung in the picture?,"Inflammation, malignant tumor, trauma, etc",inflammation malignant tumor trauma etc,open,text_match,KG,unknown,unknown,unknown,unknown,Infection,infection,False,False,Infection,infection,False,False,Infection,infection,False,False,Infection,infection,False,False,Infection,infection,False,False
12518,385,Which organs/organ is part of the circulatory system in this image?,Heart,heart,open,text_match,KG,unknown,unknown,unknown,unknown,Heart,heart,True,True,Heart,heart,True,True,Heart,heart,True,True,Heart,heart,True,True,Heart,heart,True,True
12519,386,What modality is used to take this image?,X-Ray,xray,open,text_match,Modality,unknown,unknown,unknown,unknown,X-ray,xray,True,True,MRI,mri,False,False,X-ray,xray,True,True,CT,ct,False,False,MRI,mri,False,False
12520,386,What scanning plane does this image belong to?,Coronal Plane,coronal plane,open,text_match,Plane,unknown,unknown,unknown,unknown,Coronal,coronal,False,True,Axial,axial,False,False,Coronal,coronal,False,True,Coronal,coronal,False,True,Axial,axial,False,False
12521,386,Do the organs in the image exist in the chest?,Yes,yes,closed,yes_no,Position,unknown,unknown,unknown,unknown,Yes.,yes,True,True,No,no,False,False,Yes.,yes,True,True,Yes.,yes,True,True,No,no,False,False
12522,386,Where is the heart in this image?,Center,center,open,text_match,Position,unknown,unknown,unknown,unknown,Left side,left side,False,False,No,no,False,False,Center,center,True,True,No,no,False,False,No,no,False,False
12523,386,Where is the pleural effusion?,Lower Left Lung,lower left lung,open,text_match,Position,unknown,unknown,unknown,unknown,Right side,right side,False,False,Right lung,right lung,False,False,Right side,right side,False,False,Left side,left side,False,False,Right side,right side,False,False
12524,386,Is this a study of the abdomen?,No,no,closed,yes_no,Organ,unknown,unknown,unknown,unknown,No,no,True,True,No,no,True,True,No,no,True,True,No,no,True,True,No,no,True,True
12525,386,Is this a study of the pelvic cavity?,No,no,closed,yes_no,Organ,unknown,unknown,unknown,unknown,No,no,True,True,Yes.,yes,False,False,No,no,True,True,No.,no,True,True,No.,no,True,True
12526,386,What diseases are included in the picture?,Pleural Effusion,pleural effusion,open,text_match,Abnormality,unknown,unknown,unknown,unknown,No,no,False,False,No,no,False,False,No,no,False,False,No,no,False,False,No,no,False,False
12527,386,Is this image normal?,No,no,closed,yes_no,Abnormality,unknown,unknown,unknown,unknown,No,no,True,True,No.,no,True,True,No,no,True,True,No,no,True,True,No.,no,True,True
12528,386,Can effusion be observed on the lower left lung in this picture?,Yes,yes,closed,yes_no,Abnormality,unknown,unknown,unknown,unknown,Yes.,yes,True,True,No,no,False,False,Yes.,yes,True,True,No,no,False,False,No,no,False,False
12529,386,What color does the left lung show in the picture?,Black,black,open,text_match,Color,unknown,unknown,unknown,unknown,White,white,False,False,Black,black,True,True,Black,black,True,True,Gray,gray,False,False,Gray,gray,False,False
12530,386,How many organs are there in this image?,2,2,open,text_match,Quantity,unknown,unknown,unknown,unknown,Two,two,False,False,0,0,False,False,Two,two,False,False,Two,two,False,False,0,0,False,False
12531,386,What is the effect of the main organ in this picture?,Breathe,breathe,open,text_match,KG,unknown,unknown,unknown,unknown,Respiration,respiration,False,False,"The main organ in the picture is the heart, which pumps blood throughout the body",the main organ in the picture is the heart which pumps blood throughout the body,False,False,Oxygenation,oxygenation,False,False,Respiration,respiration,False,False,No,no,False,False
12532,386,What kind of symptoms will the disease on the lower left of lung bring to the patient?,"Chest tightness, dyspnea, chest pain",chest tightness dyspnea chest pain,open,text_match,KG,unknown,unknown,unknown,unknown,Coughing,coughing,False,False,Coughing,coughing,False,False,Coughing,coughing,False,False,Yes,yes,False,False,Yes,yes,False,False
12533,386,Which organs/organ is part of the respiratory system in this image?,Lung,lung,open,text_match,KG,unknown,unknown,unknown,unknown,Lungs,lungs,False,True,Lungs,lungs,False,True,Lungs,lungs,False,True,Lungs,lungs,False,True,Lungs,lungs,False,True
12534,401,"Which type of modality is shown about this image, MRI, CT or X-Ray?",CT,ct,closed,text_match,Modality,unknown,unknown,unknown,unknown,CT,ct,True,True,MRI,mri,False,False,MRI,mri,False,False,CT,ct,True,True,MRI,mri,False,False
12535,401,Is this sagittal plane?,No,no,closed,yes_no,Plane,unknown,unknown,unknown,unknown,No.,no,True,True,No.,no,True,True,No.,no,True,True,No.,no,True,True,No.,no,True,True
12536,401,Do the organs in the image exist in the head?,Yes,yes,closed,yes_no,Position,unknown,unknown,unknown,unknown,Yes.,yes,True,True,No,no,False,False,Yes.,yes,True,True,Yes.,yes,True,True,No.,no,False,False
12537,401,Where is the brain stem in this image?,Center,center,open,text_match,Position,unknown,unknown,unknown,unknown,Yes.,yes,False,False,No,no,False,False,Yes.,yes,False,False,Yes.,yes,False,False,No,no,False,False
12538,401,Which organs appear in pairs?,Temporal Lobe,temporal lobe,open,text_match,Organ,unknown,unknown,unknown,unknown,Lungs,lungs,False,False,Kidneys,kidneys,False,False,Kidneys,kidneys,False,False,Kidneys,kidneys,False,False,Lungs,lungs,False,False
12539,401,Is this a study of the abdomen?,No,no,closed,yes_no,Organ,unknown,unknown,unknown,unknown,No.,no,True,True,No,no,True,True,No.,no,True,True,No.,no,True,True,No.,no,True,True
12540,401,Does the picture contain spleen?,No,no,closed,yes_no,Organ,unknown,unknown,unknown,unknown,No,no,True,True,No,no,True,True,No.,no,True,True,No,no,True,True,No,no,True,True
12541,401,Does the temporal lobe appear in this image?,Yes,yes,closed,yes_no,Organ,unknown,unknown,unknown,unknown,Yes.,yes,True,True,No,no,False,False,No,no,False,False,Yes.,yes,True,True,No,no,False,False
12542,401,What color is the right temporal lobe in the picture?,Gray,gray,open,text_match,Color,unknown,unknown,unknown,unknown,Gray,gray,True,True,"The image provided does not contain any visible brain structures, including the right temporal l",the image provided does not contain any visible brain structures including the right temporal l,False,False,White,white,False,False,Gray,gray,True,True,Black,black,False,False
12543,401,What is the largest organ in the picture?,Brain,brain,open,text_match,Size,unknown,unknown,unknown,unknown,Brain,brain,True,True,Skin,skin,False,False,Brain,brain,True,True,Brain,brain,True,True,Skin,skin,False,False
12544,401,How many ears are shown in this image?,0,0,open,text_match,Quantity,unknown,unknown,unknown,unknown,Two,two,False,False,Two,two,False,False,Two,two,False,False,Two,two,False,False,0,0,True,True
12545,401,How much damage will be caused to the body taking such an image?,Much,much,open,text_match,KG,unknown,unknown,unknown,unknown,Minimal,minimal,False,False,No,no,False,False,Minimal,minimal,False,False,Minimal,minimal,False,False,,none,False,False
12546,401,Which organs/organ in the picture belong to the nervous system?,Brain,brain,open,text_match,KG,unknown,unknown,unknown,unknown,Brain,brain,True,True,No,no,False,False,Brain,brain,True,True,Brain,brain,True,True,No,no,False,False
12547,401,Are there some organs controlling heartbeat and breathing in this image?,Yes,yes,closed,yes_no,KG,unknown,unknown,unknown,unknown,No.,no,False,False,No.,no,False,False,Yes.,yes,True,True,No.,no,False,False,No.,no,False,False
12548,401,Do any of the organs in the picture belong to the respiratory system?,No,no,closed,yes_no,KG,unknown,unknown,unknown,unknown,No,no,True,True,No,no,True,True,No,no,True,True,No,no,True,True,No,no,True,True
12549,405,Is this a CT?,Yes,yes,closed,yes_no,Modality,unknown,unknown,unknown,unknown,Yes.,yes,True,True,No.,no,False,False,Yes.,yes,True,True,Yes.,yes,True,True,No.,no,False,False
12550,405,Is this sagittal plane?,No,no,closed,yes_no,Plane,unknown,unknown,unknown,unknown,No.,no,True,True,No.,no,True,True,No.,no,True,True,No.,no,True,True,No.,no,True,True
12551,405,Where does the image represent in the body?,Head,head,open,text_match,Position,unknown,unknown,unknown,unknown,Head,head,True,True,Brain,brain,False,False,Head,head,True,True,Head,head,True,True,Brain,brain,False,False
12552,405,Where is the brain stem in this image?,Center,center,open,text_match,Position,unknown,unknown,unknown,unknown,Yes.,yes,False,False,No,no,False,False,Yes.,yes,False,False,Yes.,yes,False,False,No,no,False,False
12553,405,What is the organ system visualized?,Head,head,open,text_match,Organ,unknown,unknown,unknown,unknown,Head and neck,head and neck,False,True,Cardiovascular,cardiovascular,False,False,Head,head,True,True,Head and neck,head and neck,False,True,No,no,False,False
12554,405,What organ system is primarily present in this image?,Head,head,open,text_match,Organ,unknown,unknown,unknown,unknown,Cranial,cranial,False,False,Respiratory,respiratory,False,False,Brain,brain,False,False,Respiratory,respiratory,False,False,Respiratory,respiratory,False,False
12555,405,Does the ears exist in this picture?,Yes,yes,closed,yes_no,Organ,unknown,unknown,unknown,unknown,Yes.,yes,True,True,No,no,False,False,No,no,False,False,Yes.,yes,True,True,No,no,False,False
12556,405,Does the picture contain bladder?,No,no,closed,yes_no,Organ,unknown,unknown,unknown,unknown,No,no,True,True,No,no,True,True,No,no,True,True,No,no,True,True,No.,no,True,True
12557,405,What color is the ears in the picture?,White,white,open,text_match,Color,unknown,unknown,unknown,unknown,White,white,True,True,Black,black,False,False,Black,black,False,False,Gray,gray,False,False,Black,black,False,False
12558,405,What is the largest organ in the picture?,Brain,brain,open,text_match,Size,unknown,unknown,unknown,unknown,Brain,brain,True,True,Skin,skin,False,False,Brain,brain,True,True,Brain,brain,True,True,Skin,skin,False,False
12559,405,How many temporal lobes in this image?,0,0,open,text_match,Quantity,unknown,unknown,unknown,unknown,Two,two,False,False,Two,two,False,False,Two,two,False,False,Two,two,False,False,Two,two,False,False
12560,405,What is the function of the tissue on the center of this image?,Control heartbeat and breathing,control heartbeat and breathing,open,text_match,KG,unknown,unknown,unknown,unknown,Brain,brain,False,False,Heart,heart,False,True,Brain,brain,False,False,Brain,brain,False,False,Unknown,unknown,False,False
12561,405,Does the picture contain the organ which has the effect of storing urine?,No,no,closed,yes_no,KG,unknown,unknown,unknown,unknown,Yes.,yes,False,False,Yes.,yes,False,False,Yes.,yes,False,False,Yes.,yes,False,False,Yes.,yes,False,False
12562,405,Do any of the organs in the picture belong to the digestive system?,No,no,closed,yes_no,KG,unknown,unknown,unknown,unknown,No,no,True,True,No,no,True,True,No,no,True,True,No,no,True,True,No,no,True,True
12563,407,What modality is shown in this image?,CT,ct,open,text_match,Modality,unknown,unknown,unknown,unknown,CT,ct,True,True,No,no,False,False,CT,ct,True,True,CT,ct,True,True,MRI,mri,False,False
12564,407,In what plane is this image scanned?,Transverse Plane,transverse plane,open,text_match,Plane,unknown,unknown,unknown,unknown,Axial,axial,False,False,Coronal,coronal,False,False,Axial,axial,False,False,Axial,axial,False,False,Axial,axial,False,False
12565,407,Do the organs in the image exist in the head?,Yes,yes,closed,yes_no,Position,unknown,unknown,unknown,unknown,Yes.,yes,True,True,No,no,False,False,Yes.,yes,True,True,Yes.,yes,True,True,No.,no,False,False
12566,407,Where is the tooth in this image?,Top,top,open,text_match,Position,unknown,unknown,unknown,unknown,Mouth,mouth,False,False,No,no,False,False,Mandible,mandible,False,False,Mandible,mandible,False,False,No,no,False,False
12567,407,Is this a study of the abdomen?,No,no,closed,yes_no,Organ,unknown,unknown,unknown,unknown,No.,no,True,True,No,no,True,True,No.,no,True,True,No.,no,True,True,No.,no,True,True
12568,407,What is the organ system visualized?,Head,head,open,text_match,Organ,unknown,unknown,unknown,unknown,Head and neck,head and neck,False,True,Cardiovascular,cardiovascular,False,False,Head and neck,head and neck,False,True,Head and neck,head and neck,False,True,No,no,False,False
12569,407,Does the picture contain mandible?,Yes,yes,closed,yes_no,Organ,unknown,unknown,unknown,unknown,Yes.,yes,True,True,No,no,False,False,Yes.,yes,True,True,Yes.,yes,True,True,Yes.,yes,True,True
12570,407,Does the parotid appear in the image?,Yes,yes,closed,yes_no,Organ,unknown,unknown,unknown,unknown,Yes.,yes,True,True,No,no,False,False,Yes.,yes,True,True,Yes.,yes,True,True,Yes.,yes,True,True
12571,407,What color does the brain stem show in the picture?,Gray,gray,open,text_match,Color,unknown,unknown,unknown,unknown,Gray,gray,True,True,Black,black,False,False,White,white,False,False,Gray,gray,True,True,White,white,False,False
12572,407,What is the largest organ in the picture?,Brain,brain,open,text_match,Size,unknown,unknown,unknown,unknown,Brain,brain,True,True,Skin,skin,False,False,Brain,brain,True,True,Brain,brain,True,True,Skin,skin,False,False
12573,407,How many mandibles in this image?,2,2,open,text_match,Quantity,unknown,unknown,unknown,unknown,Two,two,False,False,0,0,False,False,Two,two,False,False,1,1,False,False,0,0,False,False
12574,407,What is the function of the organ on the top of this image?,"Cutting, chewing, maintaining facial contour and assisting pronunciation",cutting chewing maintaining facial contour and assisting pronunciation,open,text_match,KG,unknown,unknown,unknown,unknown,Respiratory,respiratory,False,False,Respiratory system,respiratory system,False,False,Respiratory system,respiratory system,False,False,Hearing,hearing,False,False,Heart,heart,False,False
12575,407,Which organs/organ in the picture belong to nervous system?,Brain,brain,open,text_match,KG,unknown,unknown,unknown,unknown,Brain,brain,True,True,No,no,False,False,No,no,False,False,Brain,brain,True,True,No,no,False,False
12576,407,Are there organs in the picture that can digest food?,No,no,closed,yes_no,KG,unknown,unknown,unknown,unknown,No.,no,True,True,No,no,True,True,No.,no,True,True,No.,no,True,True,No.,no,True,True
12577,407,Do any of the organs in the picture belong to the circulatory system?,No,no,closed,yes_no,KG,unknown,unknown,unknown,unknown,No,no,True,True,No,no,True,True,No,no,True,True,No,no,True,True,No.,no,True,True
12578,427,What modality is shown in this image?,CT,ct,open,text_match,Modality,unknown,unknown,unknown,unknown,CT,ct,True,True,No,no,False,False,CT,ct,True,True,CT,ct,True,True,MRI,mri,False,False
12579,427,In what plane is this image scanned?,Transverse Plane,transverse plane,open,text_match,Plane,unknown,unknown,unknown,unknown,Axial,axial,False,False,Coronal,coronal,False,False,Axial,axial,False,False,Axial,axial,False,False,Axial,axial,False,False
12580,427,Do the organs in the image exist in the head?,No,no,closed,yes_no,Position,unknown,unknown,unknown,unknown,No,no,True,True,No,no,True,True,No,no,True,True,No,no,True,True,No.,no,True,True
12581,427,What organ system is pictured?,Neck,neck,open,text_match,Organ,unknown,unknown,unknown,unknown,Respiratory,respiratory,False,False,Respiratory,respiratory,False,False,Respiratory,respiratory,False,False,Respiratory,respiratory,False,False,No,no,False,False
12582,427,Is there an esophagus in this image?,No,no,closed,yes_no,Organ,unknown,unknown,unknown,unknown,Yes.,yes,False,False,No,no,True,True,Yes.,yes,False,False,Yes.,yes,False,False,Yes.,yes,False,False
12583,427,Does the trachea exist in this picture?,No,no,closed,yes_no,Organ,unknown,unknown,unknown,unknown,Yes.,yes,False,False,No,no,True,True,Yes.,yes,False,False,Yes.,yes,False,False,No,no,True,True
12584,427,What is the shape of larynx in this image?,Oval,oval,open,text_match,Shape,unknown,unknown,unknown,unknown,Oval,oval,True,True,The larynx in the image appears to be in a normal anatomical position,the larynx in the image appears to be in a normal anatomical position,False,False,Oval,oval,True,True,Oval,oval,True,True,Square,square,False,False
12585,427,Which organs/organ in the picture belong to the respiratory system?,Larynx,larynx,open,text_match,KG,unknown,unknown,unknown,unknown,Lungs,lungs,False,False,Lungs,lungs,False,False,Lungs,lungs,False,False,Lungs,lungs,False,False,Lungs,lungs,False,False
12586,427,Are there organs in the picture that can deliver food?,Yes,yes,closed,yes_no,KG,unknown,unknown,unknown,unknown,No,no,False,False,No,no,False,False,No.,no,False,False,No.,no,False,False,No.,no,False,False
12587,427,Does the picture contain the organ which has the effect of gas delivery?,Yes,yes,closed,yes_no,KG,unknown,unknown,unknown,unknown,Yes.,yes,True,True,Yes.,yes,True,True,Yes.,yes,True,True,Yes.,yes,True,True,Yes.,yes,True,True
12588,428,Is this a CT?,Yes,yes,closed,yes_no,Modality,unknown,unknown,unknown,unknown,Yes.,yes,True,True,No.,no,False,False,Yes.,yes,True,True,Yes.,yes,True,True,No.,no,False,False
12589,428,What scanning plane does this image belong to?,Transverse Plane,transverse plane,open,text_match,Plane,unknown,unknown,unknown,unknown,Axial,axial,False,False,Axial,axial,False,False,Axial,axial,False,False,Axial,axial,False,False,Axial,axial,False,False
12590,428,Where does the image represent in the body?,Neck,neck,open,text_match,Position,unknown,unknown,unknown,unknown,Neck,neck,True,True,Brain,brain,False,False,Neck,neck,True,True,Spine,spine,False,False,Brain,brain,False,False
12591,428,Where is the esophagus in this image?,Under the trachea,under the trachea,open,text_match,Position,unknown,unknown,unknown,unknown,Yes.,yes,False,False,No,no,False,False,Yes.,yes,False,False,No,no,False,False,No,no,False,False
12592,428,What organ system is primarily present in this image?,Neck,neck,open,text_match,Organ,unknown,unknown,unknown,unknown,Respiratory,respiratory,False,False,Respiratory,respiratory,False,False,Respiratory,respiratory,False,False,Gastrointestinal,gastrointestinal,False,False,Respiratory,respiratory,False,False
12593,428,Does the ears exist in this picture?,No,no,closed,yes_no,Organ,unknown,unknown,unknown,unknown,No,no,True,True,No,no,True,True,No,no,True,True,No,no,True,True,Yes.,yes,False,False
12594,428,Is there small bowel in this image?,No,no,closed,yes_no,Organ,unknown,unknown,unknown,unknown,No,no,True,True,No,no,True,True,No,no,True,True,Yes.,yes,False,False,Yes.,yes,False,False
12595,428,What color do the trachea show in the picture?,Black,black,open,text_match,Color,unknown,unknown,unknown,unknown,White,white,False,False,White,white,False,False,White,white,False,False,Gray,gray,False,False,White,white,False,False
12596,428,What is the shape of trachea about this patient?,Irregular,irregular,open,text_match,Shape,unknown,unknown,unknown,unknown,Oval,oval,False,False,The trachea in the image appears to be normal and cylindrical in shape.,the trachea in the image appears to be normal and cylindrical in shape,False,False,Oval,oval,False,False,Oval,oval,False,False,Irregular,irregular,True,True
12597,428,What role does the black hollow tissue play in the human body?,Gas delivery,gas delivery,open,text_match,KG,unknown,unknown,unknown,unknown,Airway,airway,False,False,Respiratory system,respiratory system,False,False,Respiratory system,respiratory system,False,False,Respiratory system,respiratory system,False,False,Respiratory system,respiratory system,False,False
12598,428,Which organs/organ in the picture belong to the respiratory system?,Trachea,trachea,open,text_match,KG,unknown,unknown,unknown,unknown,Lungs,lungs,False,False,Lungs,lungs,False,False,Lungs,lungs,False,False,Lungs,lungs,False,False,Lungs,lungs,False,False
12599,428,Do any of the organs in the picture belong to the nervous system?,Yes,yes,closed,yes_no,KG,unknown,unknown,unknown,unknown,No,no,False,False,No,no,False,False,No,no,False,False,No,no,False,False,No,no,False,False
12600,428,Does the picture contain the organ that could be used for detoxicating?,No,no,closed,yes_no,KG,unknown,unknown,unknown,unknown,Yes.,yes,False,False,Yes.,yes,False,False,Yes.,yes,False,False,Yes.,yes,False,False,Yes.,yes,False,False
12601,429,Is this an MRI scan?,No,no,closed,yes_no,Modality,unknown,unknown,unknown,unknown,No.,no,True,True,No.,no,True,True,No.,no,True,True,Yes.,yes,False,False,No.,no,True,True
12602,429,Is this a transverse section?,Yes,yes,closed,yes_no,Plane,unknown,unknown,unknown,unknown,Yes.,yes,True,True,No,no,False,False,Yes.,yes,True,True,Yes.,yes,True,True,No.,no,False,False
12603,429,Which part of the body does this image belong to?,Neck,neck,open,text_match,Position,unknown,unknown,unknown,unknown,Neck,neck,True,True,Head,head,False,False,Thorax,thorax,False,False,Spine,spine,False,False,Head,head,False,False
12604,429,Which is trachea in this image?,Black Hollow,black hollow,open,text_match,Position,unknown,unknown,unknown,unknown,Yes.,yes,False,False,No,no,False,False,Yes.,yes,False,False,No,no,False,False,No,no,False,False
12605,429,What organ system is primarily present in this image?,Neck,neck,open,text_match,Organ,unknown,unknown,unknown,unknown,Respiratory,respiratory,False,False,Respiratory,respiratory,False,False,Respiratory,respiratory,False,False,Respiratory,respiratory,False,False,Respiratory,respiratory,False,False
12606,429,Does the picture contain spinal cord?,Yes,yes,closed,yes_no,Organ,unknown,unknown,unknown,unknown,Yes.,yes,True,True,No,no,False,False,Yes.,yes,True,True,Yes.,yes,True,True,No,no,False,False
12607,429,Are/Is there kidneys in the picture?,No,no,closed,yes_no,Organ,unknown,unknown,unknown,unknown,No,no,True,True,No,no,True,True,No,no,True,True,Yes.,yes,False,False,Yes.,yes,False,False
12608,429,What is the shape of trachea about this patient?,Irregular,irregular,open,text_match,Shape,unknown,unknown,unknown,unknown,Oval,oval,False,False,The trachea in the image appears to be normal and cylindrical in shape.,the trachea in the image appears to be normal and cylindrical in shape,False,False,Oval,oval,False,False,Irregular,irregular,True,True,Irregular,irregular,True,True
12609,429,What role does the black hollow tissue play in the human body?,Gas delivery,gas delivery,open,text_match,KG,unknown,unknown,unknown,unknown,Airway,airway,False,False,Respiratory system,respiratory system,False,False,Airway passage,airway passage,False,False,Bone marrow,bone marrow,False,False,No,no,False,False
12610,429,Which organs/organ in the picture belong to the digestive system?,Esophagus,esophagus,open,text_match,KG,unknown,unknown,unknown,unknown,Esophagus,esophagus,True,True,No,no,False,False,Yes,yes,False,False,Yes,yes,False,False,No,no,False,False
12611,429,Does the picture contain the organ which has the effect of discharging waste?,No,no,closed,yes_no,KG,unknown,unknown,unknown,unknown,Yes.,yes,False,False,Yes.,yes,False,False,Yes.,yes,False,False,Yes.,yes,False,False,Yes.,yes,False,False
12612,429,Do any of the organs in the picture belong to the nervous system?,Yes,yes,closed,yes_no,KG,unknown,unknown,unknown,unknown,No,no,False,False,No,no,False,False,No,no,False,False,No,no,False,False,No,no,False,False
12613,436,Is this a CT scan?,No,no,closed,yes_no,Modality,unknown,unknown,unknown,unknown,No.,no,True,True,No.,no,True,True,No.,no,True,True,No.,no,True,True,No.,no,True,True
12614,436,"Which kind of weighting is this image generated with, t1 or t2?",T2,t2,closed,text_match,Modality,unknown,unknown,unknown,unknown,T1,t1,False,False,T1,t1,False,False,T1,t1,False,False,T1,t1,False,False,T1,t1,False,False
12615,436,What is the scanning plane of this image?,Transverse Plane,transverse plane,open,text_match,Plane,unknown,unknown,unknown,unknown,Axial,axial,False,False,Axial,axial,False,False,Axial,axial,False,False,Axial,axial,False,False,Yes.,yes,False,False
12616,436,Do the organs in the image exist in the head?,Yes,yes,closed,yes_no,Position,unknown,unknown,unknown,unknown,Yes.,yes,True,True,No,no,False,False,Yes.,yes,True,True,Yes.,yes,True,True,No.,no,False,False
12617,436,"Which hemisphere is abnormal,left or right?",Right,right,closed,text_match,Position,unknown,unknown,unknown,unknown,Left,left,False,False,Left,left,False,False,Left,left,False,False,Left,left,False,False,Left,left,False,False
12618,436,Which organ system is imaged?,Head,head,open,text_match,Organ,unknown,unknown,unknown,unknown,Brain,brain,False,False,Cardiovascular,cardiovascular,False,False,Brain,brain,False,False,Brain,brain,False,False,Respiratory,respiratory,False,False
12619,436,What diseases are included in the picture?,"Brain Edema, Brain Enhancing Tumor",brain edema brain enhancing tumor,open,text_match,Abnormality,unknown,unknown,unknown,unknown,No,no,False,False,No,no,False,False,No,no,False,False,No,no,False,False,No,no,False,False
12620,436,How many kinds of abnormalities are there in this image?,2,2,open,text_match,Quantity,unknown,unknown,unknown,unknown,One,one,False,False,Two,two,False,False,One,one,False,False,One,one,False,False,Yes.,yes,False,False
12621,436,What is the main cause of the disease on the right lobe of brain in this picture?,"Brain embryonic tissue dysplasia, genetic factors, chemical factors",brain embryonic tissue dysplasia genetic factors chemical factors,open,text_match,KG,unknown,unknown,unknown,unknown,Yes.,yes,False,False,Stroke,stroke,False,False,Yes.,yes,False,False,Yes.,yes,False,False,Yes.,yes,False,False
12622,442,How was this image taken?,MRI,mri,open,text_match,Modality,unknown,unknown,unknown,unknown,MRI,mri,True,True,Yes.,yes,False,False,MRI,mri,True,True,MRI,mri,True,True,Yes.,yes,False,False
12623,442,Is this an MRI image with T1 weighted?,No,no,closed,yes_no,Modality,unknown,unknown,unknown,unknown,No.,no,True,True,No.,no,True,True,No.,no,True,True,No.,no,True,True,No.,no,True,True
12624,442,Is this a coronal section?,No,no,closed,yes_no,Plane,unknown,unknown,unknown,unknown,No.,no,True,True,No.,no,True,True,No.,no,True,True,No.,no,True,True,No.,no,True,True
12625,442,Where does the picture show?,Head,head,open,text_match,Position,unknown,unknown,unknown,unknown,Brain,brain,False,False,No,no,False,False,Brain,brain,False,False,Brain,brain,False,False,Eye,eye,False,False
12626,442,Where is the brain non-enhancing tumor?,Upper Left Lobe,upper left lobe,open,text_match,Position,unknown,unknown,unknown,unknown,Left hemisphere,left hemisphere,False,False,Yes.,yes,False,False,Left hemisphere,left hemisphere,False,False,Left hemisphere,left hemisphere,False,False,Yes.,yes,False,False
12627,442,Which organ system is imaged?,Head,head,open,text_match,Organ,unknown,unknown,unknown,unknown,Brain,brain,False,False,Cardiovascular,cardiovascular,False,False,Brain,brain,False,False,Brain,brain,False,False,Respiratory,respiratory,False,False
12628,442,Is the brain healthy?,No,no,closed,yes_no,Abnormality,unknown,unknown,unknown,unknown,No.,no,True,True,Yes.,yes,False,False,No.,no,True,True,No.,no,True,True,No.,no,True,True
12629,442,What is the color of abnormality in this image?,White,white,open,text_match,Color,unknown,unknown,unknown,unknown,White,white,True,True,White,white,True,True,White,white,True,True,Gray,gray,False,False,Black,black,False,False
12630,442,What is the main cause of the disease on the upper left lobe of brain in this picture?,"Brain embryonic tissue dysplasia, genetic factors, chemical factors",brain embryonic tissue dysplasia genetic factors chemical factors,open,text_match,KG,unknown,unknown,unknown,unknown,Infection,infection,False,False,Yes.,yes,False,False,Infection,infection,False,False,Yes.,yes,False,False,Yes.,yes,False,False
12631,447,What modality is used to take this image?,MRI,mri,open,text_match,Modality,unknown,unknown,unknown,unknown,MRI,mri,True,True,MRI,mri,True,True,MRI,mri,True,True,MRI,mri,True,True,X-ray,xray,False,False
12632,447,"Which kind of weighting is this image generated with, t1 or t2?",T2,t2,closed,text_match,Modality,unknown,unknown,unknown,unknown,T1,t1,False,False,T1,t1,False,False,T1,t1,False,False,T1,t1,False,False,T1,t1,False,False
12633,447,Is this sagittal plane?,No,no,closed,yes_no,Plane,unknown,unknown,unknown,unknown,No.,no,True,True,No.,no,True,True,No.,no,True,True,No.,no,True,True,No.,no,True,True
12634,447,Where does the picture show?,Head,head,open,text_match,Position,unknown,unknown,unknown,unknown,Brain,brain,False,False,No,no,False,False,Brain,brain,False,False,Brain,brain,False,False,Head,head,True,True
12635,447,"Which hemisphere is abnormal,left or right?",Left,left,closed,text_match,Position,unknown,unknown,unknown,unknown,Right,right,False,False,Left,left,True,True,Left,left,True,True,Left,left,True,True,Left,left,True,True
12636,447,What organ system is primarily present in this image?,Head,head,open,text_match,Organ,unknown,unknown,unknown,unknown,Brain,brain,False,False,Respiratory,respiratory,False,False,Brain,brain,False,False,Brain,brain,False,False,Respiratory,respiratory,False,False
12637,447,What disease is/are shown on the left of brain?,"Brain Edema, Brain Enhancing Tumor, Brain Non-enhancing Tumor",brain edema brain enhancing tumor brain nonenhancing tumor,open,text_match,Abnormality,unknown,unknown,unknown,unknown,Yes.,yes,False,False,Yes,yes,False,False,No,no,False,True,No,no,False,True,Yes.,yes,False,False
12638,447,Is the tumor enhancing?,Yes,yes,closed,yes_no,Color,unknown,unknown,unknown,unknown,No.,no,False,False,Yes.,yes,True,True,No.,no,False,False,No.,no,False,False,Yes.,yes,True,True
12639,447,How many kinds of abnormalities are there in this image?,3,3,open,text_match,Quantity,unknown,unknown,unknown,unknown,One,one,False,False,Two,two,False,False,One,one,False,False,One,one,False,False,Yes.,yes,False,False
12640,447,What kind of symptoms will the disease on the left lobe of brain in the picture bring to the patient?,"Visual impairment, vomiting, tinnitus, increased intracranial pressure",visual impairment vomiting tinnitus increased intracranial pressure,open,text_match,KG,unknown,unknown,unknown,unknown,Yes.,yes,False,False,Yes.,yes,False,False,Yes.,yes,False,False,Yes.,yes,False,False,Yes.,yes,False,False
12641,468,What modality is shown in this image?,MRI,mri,open,text_match,Modality,unknown,unknown,unknown,unknown,MRI,mri,True,True,MRI,mri,True,True,MRI,mri,True,True,MRI,mri,True,True,MRI,mri,True,True
12642,468,Is this an MRI image with T1 weighted?,No,no,closed,yes_no,Modality,unknown,unknown,unknown,unknown,No.,no,True,True,No.,no,True,True,No.,no,True,True,No.,no,True,True,No.,no,True,True
12643,468,What is the scanning plane of this image?,Transverse Plane,transverse plane,open,text_match,Plane,unknown,unknown,unknown,unknown,Axial,axial,False,False,Axial,axial,False,False,Axial,axial,False,False,Axial,axial,False,False,Yes.,yes,False,False
12644,468,Do the organs in the image exist in the chest?,No,no,closed,yes_no,Position,unknown,unknown,unknown,unknown,No,no,True,True,No.,no,True,True,No.,no,True,True,No,no,True,True,No.,no,True,True
12645,468,Where is the brain edema?,Left Lobe,left lobe,open,text_match,Position,unknown,unknown,unknown,unknown,Yes.,yes,False,False,Yes.,yes,False,False,Yes.,yes,False,False,Yes.,yes,False,False,Yes.,yes,False,False
12646,468,Is this a study of the head?,Yes,yes,closed,yes_no,Organ,unknown,unknown,unknown,unknown,Yes.,yes,True,True,Yes.,yes,True,True,Yes.,yes,True,True,Yes.,yes,True,True,Yes.,yes,True,True
12647,468,Is the brain abnormal?,Yes,yes,closed,yes_no,Abnormality,unknown,unknown,unknown,unknown,No.,no,False,False,Yes.,yes,True,True,Yes.,yes,True,True,No.,no,False,False,Yes.,yes,True,True
12648,468,How many kinds of abnormalities are there in this image?,1,1,open,text_match,Quantity,unknown,unknown,unknown,unknown,One,one,False,False,Two,two,False,False,One,one,False,False,One,one,False,False,Yes.,yes,False,False
12649,468,How to treat the most severe disease in this image?,"Pharmacotherapy, rehabilitation",pharmacotherapy rehabilitation,open,text_match,KG,unknown,unknown,unknown,unknown,No,no,False,False,No,no,False,False,No,no,False,False,No,no,False,False,No,no,False,False
12650,469,What modality is shown in this image?,MRI,mri,open,text_match,Modality,unknown,unknown,unknown,unknown,MRI,mri,True,True,MRI,mri,True,True,MRI,mri,True,True,MRI,mri,True,True,MRI,mri,True,True
12651,469,Is this a T1 weighted or T2 weighted MRI image?,T2,t2,closed,text_match,Modality,unknown,unknown,unknown,unknown,T1 weighted,t1 weighted,False,False,T1 weighted,t1 weighted,False,False,T1 weighted,t1 weighted,False,False,T1 weighted,t1 weighted,False,False,T1 weighted,t1 weighted,False,False
12652,469,Is this a coronal section?,No,no,closed,yes_no,Plane,unknown,unknown,unknown,unknown,No.,no,True,True,No.,no,True,True,No.,no,True,True,No.,no,True,True,No.,no,True,True
12653,469,Do the organs in the image exist in the abdomen?,No,no,closed,yes_no,Position,unknown,unknown,unknown,unknown,No.,no,True,True,Yes.,yes,False,False,No.,no,True,True,No.,no,True,True,Yes.,yes,False,False
12654,469,Where are the abnormalities in this image?,Upper Left Lobe,upper left lobe,open,text_match,Position,unknown,unknown,unknown,unknown,Yes.,yes,False,False,No,no,False,False,Yes.,yes,False,False,Yes.,yes,False,False,Brain,brain,False,False
12655,469,Is this a study of the head?,Yes,yes,closed,yes_no,Organ,unknown,unknown,unknown,unknown,Yes.,yes,True,True,Yes.,yes,True,True,Yes.,yes,True,True,Yes.,yes,True,True,Yes.,yes,True,True
12656,469,Is there evidence of a brain edema?,Yes,yes,closed,yes_no,Abnormality,unknown,unknown,unknown,unknown,No.,no,False,False,No,no,False,False,Yes.,yes,True,True,No.,no,False,False,No.,no,False,False
12657,469,Is the abnormality hyperdense or hypodense?,Hyperdense,hyperdense,closed,text_match,Color,unknown,unknown,unknown,unknown,Hypodense,hypodense,False,False,Hyperdense,hyperdense,True,True,Hypodense,hypodense,False,False,Hypodense,hypodense,False,False,Hyperdense,hyperdense,True,True
12658,469,How many kinds of abnormalities are there in this image?,1,1,open,text_match,Quantity,unknown,unknown,unknown,unknown,One,one,False,False,Two,two,False,False,One,one,False,False,One,one,False,False,Yes.,yes,False,False
12659,469,How to treat the most severe disease in this image?,"Pharmacotherapy, rehabilitation",pharmacotherapy rehabilitation,open,text_match,KG,unknown,unknown,unknown,unknown,No,no,False,False,No,no,False,False,No,no,False,False,No,no,False,False,No,no,False,False
12660,471,What type of medical image is this?,MRI,mri,open,text_match,Modality,unknown,unknown,unknown,unknown,MRI,mri,True,True,MRI,mri,True,True,MRI,mri,True,True,MRI,mri,True,True,MRI,mri,True,True
12661,471,Is this a T1 weighted or T2 weighted MRI image?,T2,t2,closed,text_match,Modality,unknown,unknown,unknown,unknown,T1 weighted,t1 weighted,False,False,T1 weighted,t1 weighted,False,False,T2 weighted,t2 weighted,False,True,T1 weighted,t1 weighted,False,False,T1 weighted,t1 weighted,False,False
12662,471,Is this a coronal section?,No,no,closed,yes_no,Plane,unknown,unknown,unknown,unknown,Yes.,yes,False,False,No.,no,True,True,No.,no,True,True,No.,no,True,True,No.,no,True,True
12663,471,Which part of the body does this image belong to?,Head,head,open,text_match,Position,unknown,unknown,unknown,unknown,Brain,brain,False,False,Head,head,True,True,Brain,brain,False,False,Brain,brain,False,False,Head,head,True,True
12664,471,Where is the brain tumor?,Upper Left Lobe,upper left lobe,open,text_match,Position,unknown,unknown,unknown,unknown,No,no,False,False,Head,head,False,False,Left hemisphere,left hemisphere,False,False,Left hemisphere,left hemisphere,False,False,Unknown,unknown,False,False
12665,471,What is the organ system visualized?,Head,head,open,text_match,Organ,unknown,unknown,unknown,unknown,Brain,brain,False,False,Cardiovascular,cardiovascular,False,False,Brain,brain,False,False,Brain,brain,False,False,No,no,False,False
12666,471,Is this image normal?,No,no,closed,yes_no,Abnormality,unknown,unknown,unknown,unknown,No.,no,True,True,No.,no,True,True,No.,no,True,True,No.,no,True,True,No.,no,True,True
12667,471,How to prevent the occurrence of the disease on the upper left lobe of brain in this image?,"Pay attention to dietary hygiene, strengthen physical fitness and avoid brain trauma",pay attention to dietary hygiene strengthen physical fitness and avoid brain trauma,open,text_match,KG,unknown,unknown,unknown,unknown,No,no,False,False,Yes,yes,False,False,Yes,yes,False,False,Lifestyle modifications and regular health check-ups can help prevent diseases affecting the brain.,lifestyle modifications and regular health checkups can help prevent diseases affecting the brain,False,False,No,no,False,False
12668,473,What imaging modality was used?,MRI,mri,open,text_match,Modality,unknown,unknown,unknown,unknown,MRI,mri,True,True,MRI,mri,True,True,MRI,mri,True,True,MRI,mri,True,True,MRI,mri,True,True
12669,473,"Which kind of weighting is this image generated with, t1 or t2?",T2,t2,closed,text_match,Modality,unknown,unknown,unknown,unknown,T2,t2,True,True,T1,t1,False,False,T1,t1,False,False,T1,t1,False,False,T1,t1,False,False
12670,473,Is this a transverse section?,Yes,yes,closed,yes_no,Plane,unknown,unknown,unknown,unknown,Yes.,yes,True,True,No.,no,False,False,Yes.,yes,True,True,Yes.,yes,True,True,No.,no,False,False
12671,473,Which part of the body does this image belong to?,Head,head,open,text_match,Position,unknown,unknown,unknown,unknown,Brain,brain,False,False,Head,head,True,True,Brain,brain,False,False,Brain,brain,False,False,Head,head,True,True
12672,473,Where is the brain tumor?,Upper Right Lobe,upper right lobe,open,text_match,Position,unknown,unknown,unknown,unknown,Left hemisphere,left hemisphere,False,False,Head,head,False,False,Left hemisphere,left hemisphere,False,False,Left hemisphere,left hemisphere,False,False,Unknown,unknown,False,False
12673,473,Is this a study of the neck?,No,no,closed,yes_no,Organ,unknown,unknown,unknown,unknown,No.,no,True,True,Yes.,yes,False,False,No.,no,True,True,No.,no,True,True,Yes.,yes,False,False
12674,473,What disease is/are shown on the upper right of brain?,"Brain Edema, Brain Non-enhancing Tumor",brain edema brain nonenhancing tumor,open,text_match,Abnormality,unknown,unknown,unknown,unknown,Yes.,yes,False,False,Yes,yes,False,False,Yes.,yes,False,False,No,no,False,True,No,no,False,True
12675,473,Is the abnormality hyperdense or hypodense?,Hyperdense,hyperdense,closed,text_match,Color,unknown,unknown,unknown,unknown,Hypodense,hypodense,False,False,Hyperdense,hyperdense,True,True,Hypodense,hypodense,False,False,Hypodense,hypodense,False,False,Hyperdense,hyperdense,True,True
12676,473,What kind of symptoms will the disease on the upper right lobe of brain in the picture bring to the patient?,"Visual impairment, vomiting, tinnitus, increased intracranial pressure",visual impairment vomiting tinnitus increased intracranial pressure,open,text_match,KG,unknown,unknown,unknown,unknown,Yes.,yes,False,False,Yes.,yes,False,False,Yes.,yes,False,False,Yes.,yes,False,False,Yes.,yes,False,False
12677,474,How was this image taken?,MRI,mri,open,text_match,Modality,unknown,unknown,unknown,unknown,MRI,mri,True,True,Yes.,yes,False,False,MRI,mri,True,True,MRI,mri,True,True,Yes.,yes,False,False
12678,474,Is this a T1 weighted or T2 weighted MRI image?,T2,t2,closed,text_match,Modality,unknown,unknown,unknown,unknown,T2 weighted,t2 weighted,False,True,T1 weighted,t1 weighted,False,False,T2 weighted,t2 weighted,False,True,T2 weighted,t2 weighted,False,True,T1 weighted,t1 weighted,False,False
12679,474,Is this a coronal section?,No,no,closed,yes_no,Plane,unknown,unknown,unknown,unknown,Yes.,yes,False,False,No.,no,True,True,No.,no,True,True,No.,no,True,True,No.,no,True,True
12680,474,Do the organs in the image exist in the abdomen?,No,no,closed,yes_no,Position,unknown,unknown,unknown,unknown,No.,no,True,True,Yes.,yes,False,False,No.,no,True,True,No.,no,True,True,Yes.,yes,False,False
12681,474,Where is the brain tumor?,Upper Right Lobe,upper right lobe,open,text_match,Position,unknown,unknown,unknown,unknown,Left hemisphere,left hemisphere,False,False,Head,head,False,False,Left hemisphere,left hemisphere,False,False,Left hemisphere,left hemisphere,False,False,Unknown,unknown,False,False
12682,474,Which organ system is imaged?,Head,head,open,text_match,Organ,unknown,unknown,unknown,unknown,Brain,brain,False,False,Cardiovascular,cardiovascular,False,False,Brain,brain,False,False,Brain,brain,False,False,Respiratory,respiratory,False,False
12683,474,Is the brain abnormal?,Yes,yes,closed,yes_no,Abnormality,unknown,unknown,unknown,unknown,Yes.,yes,True,True,Yes.,yes,True,True,Yes.,yes,True,True,Yes.,yes,True,True,Yes.,yes,True,True
12684,474,How to prevent the occurrence of the disease on the upper right lobe of brain in this image?,"Pay attention to dietary hygiene, strengthen physical fitness and avoid brain trauma",pay attention to dietary hygiene strengthen physical fitness and avoid brain trauma,open,text_match,KG,unknown,unknown,unknown,unknown,Yes,yes,False,False,Yes.,yes,False,False,Yes,yes,False,False,Lifestyle modifications and regular health check-ups can help prevent diseases affecting the brain.,lifestyle modifications and regular health checkups can help prevent diseases affecting the brain,False,False,No,no,False,False
12685,483,Is this image taken via MRI?,Yes,yes,closed,yes_no,Modality,unknown,unknown,unknown,unknown,Yes.,yes,True,True,No.,no,False,False,Yes.,yes,True,True,Yes.,yes,True,True,No.,no,False,False
12686,483,What is the mr weighting in this image?,T1,t1,open,text_match,Modality,unknown,unknown,unknown,unknown,T2-weighted,t2weighted,False,False,T1,t1,True,True,T2-weighted,t2weighted,False,False,T2-weighted,t2weighted,False,False,T1-weighted,t1weighted,False,True
12687,483,What scanning plane does this image belong to?,Transverse Plane,transverse plane,open,text_match,Plane,unknown,unknown,unknown,unknown,Axial,axial,False,False,Axial,axial,False,False,Axial,axial,False,False,Axial,axial,False,False,Axial,axial,False,False
12688,483,Where does the image represent in the body?,Head,head,open,text_match,Position,unknown,unknown,unknown,unknown,Brain,brain,False,False,Brain,brain,False,False,Brain,brain,False,False,Brain,brain,False,False,Head,head,True,True
12689,483,"Which lobe is abnormal,left or right?",Right,right,closed,text_match,Position,unknown,unknown,unknown,unknown,Left,left,False,False,Left,left,False,False,Left,left,False,False,Left,left,False,False,Left,left,False,False
12690,483,Is this a study of the head?,Yes,yes,closed,yes_no,Organ,unknown,unknown,unknown,unknown,Yes.,yes,True,True,Yes.,yes,True,True,Yes.,yes,True,True,Yes.,yes,True,True,Yes.,yes,True,True
12691,483,What diseases are included in the picture?,"Brain Edema, Brain Non-enhancing Tumor",brain edema brain nonenhancing tumor,open,text_match,Abnormality,unknown,unknown,unknown,unknown,No,no,False,True,No,no,False,True,No,no,False,True,No,no,False,True,No,no,False,True
12692,483,How much damage will be caused to the body taking such an image?,,none,open,text_match,KG,unknown,unknown,unknown,unknown,No,no,False,True,No,no,False,True,No,no,False,True,No,no,False,True,No,no,False,True
12693,49,What modality is used to take this image?,MRI,mri,open,text_match,Modality,unknown,unknown,unknown,unknown,MRI,mri,True,True,MRI,mri,True,True,MRI,mri,True,True,MRI,mri,True,True,MRI,mri,True,True
12694,49,Which part of the body does this image belong to?,Brain,brain,open,text_match,Position,unknown,unknown,unknown,unknown,Brain,brain,True,True,Head,head,False,False,Head,head,False,False,Brain,brain,True,True,Head,head,False,False
12695,49,What is the mr weighting in this image?,T2,t2,open,text_match,Modality,unknown,unknown,unknown,unknown,Diffusion-weighted imaging (DWI),diffusionweighted imaging dwi,False,False,T1,t1,False,False,T2-weighted,t2weighted,False,True,T2-weighted,t2weighted,False,True,T2-weighted,t2weighted,False,True
12696,49,What is the main organ in the image?,Brain,brain,open,text_match,Organ,unknown,unknown,unknown,unknown,Brain,brain,True,True,No,no,False,False,Brain,brain,True,True,Brain,brain,True,True,Kidney,kidney,False,False
12697,49,What is the largest organ in the picture?,Brain,brain,open,text_match,Size,unknown,unknown,unknown,unknown,Brain,brain,True,True,Skin,skin,False,False,Brain,brain,True,True,Brain,brain,True,True,Skin,skin,False,False
12698,49,Does the picture contain brian?,Yes,yes,closed,yes_no,Organ,unknown,unknown,unknown,unknown,Yes.,yes,True,True,No,no,False,False,Yes.,yes,True,True,Yes.,yes,True,True,No.,no,False,False
12699,49,What diseases are included in the picture?,Brain Edema,brain edema,open,text_match,Abnormality,unknown,unknown,unknown,unknown,No,no,False,False,No,no,False,False,No,no,False,False,No,no,False,False,No,no,False,False
12700,49,Does the brain look abnormal?,Yes,yes,closed,yes_no,Abnormality,unknown,unknown,unknown,unknown,Yes.,yes,True,True,Yes.,yes,True,True,Yes.,yes,True,True,Yes.,yes,True,True,Yes.,yes,True,True
12701,49,Where is/are the abnormality located?,Lower Right,lower right,open,text_match,Position,unknown,unknown,unknown,unknown,Left hemisphere,left hemisphere,False,False,Left lung,left lung,False,False,Left hemisphere,left hemisphere,False,False,Left hemisphere,left hemisphere,False,False,Head,head,False,False
12702,495,Is this a X-Ray?,No,no,closed,yes_no,Modality,unknown,unknown,unknown,unknown,No.,no,True,True,No.,no,True,True,No.,no,True,True,No.,no,True,True,Yes.,yes,False,False
12703,495,"Which kind of weighting is this image generated with, t1 or t2?",T1,t1,closed,text_match,Modality,unknown,unknown,unknown,unknown,T1,t1,True,True,T1,t1,True,True,T1,t1,True,True,T1,t1,True,True,T1,t1,True,True
12704,495,Is this a coronal plane?,No,no,closed,yes_no,Plane,unknown,unknown,unknown,unknown,Yes.,yes,False,False,No.,no,True,True,No.,no,True,True,Yes.,yes,False,False,No.,no,True,True
12705,495,Which part of the body does this image belong to?,Head,head,open,text_match,Position,unknown,unknown,unknown,unknown,Brain,brain,False,False,Head,head,True,True,Brain,brain,False,False,Brain,brain,False,False,Head,head,True,True
12706,495,Where is/are the abnormality located?,Upper Right Lobe,upper right lobe,open,text_match,Position,unknown,unknown,unknown,unknown,Left hemisphere,left hemisphere,False,False,Left lung,left lung,False,False,Left hemisphere,left hemisphere,False,False,Left hemisphere,left hemisphere,False,False,Head,head,False,False
12707,495,What organ system is pictured?,Head,head,open,text_match,Organ,unknown,unknown,unknown,unknown,Brain,brain,False,False,Respiratory,respiratory,False,False,Brain,brain,False,False,Brain,brain,False,False,Respiratory,respiratory,False,False
12708,495,Is/Are there abnormalities in the patient's left brain lobe?,No,no,closed,yes_no,Abnormality,unknown,unknown,unknown,unknown,No,no,True,True,No,no,True,True,Yes.,yes,False,False,No,no,True,True,Yes.,yes,False,False
12709,495,How many kinds of abnormalities are there in this image?,2,2,open,text_match,Quantity,unknown,unknown,unknown,unknown,One,one,False,False,Two,two,False,False,One,one,False,False,One,one,False,False,Yes.,yes,False,False
12710,495,How much damage will be caused to the body taking such an image?,,none,open,text_match,KG,unknown,unknown,unknown,unknown,No,no,False,True,No,no,False,True,No,no,False,True,,none,True,True,No,no,False,True
12711,498,Is this a CT scan?,No,no,closed,yes_no,Modality,unknown,unknown,unknown,unknown,No.,no,True,True,No.,no,True,True,No.,no,True,True,Yes.,yes,False,False,Yes.,yes,False,False
12712,498,What is the mr weighting in this image?,T1,t1,open,text_match,Modality,unknown,unknown,unknown,unknown,T2-weighted,t2weighted,False,False,T1,t1,True,True,T1-weighted,t1weighted,False,True,T2-weighted,t2weighted,False,False,T1-weighted,t1weighted,False,True
12713,498,Is this sagittal plane?,No,no,closed,yes_no,Plane,unknown,unknown,unknown,unknown,No.,no,True,True,No.,no,True,True,No.,no,True,True,No.,no,True,True,No.,no,True,True
12714,498,Do the organs in the image exist in the pelvic cavity?,No,no,closed,yes_no,Position,unknown,unknown,unknown,unknown,No.,no,True,True,Yes.,yes,False,False,No.,no,True,True,No.,no,True,True,Yes.,yes,False,False
12715,498,Where are the abnormalities in this image?,Left Lobe,left lobe,open,text_match,Position,unknown,unknown,unknown,unknown,Left hemisphere,left hemisphere,False,False,No,no,False,False,Left hemisphere,left hemisphere,False,False,Left hemisphere,left hemisphere,False,False,Head,head,False,False
12716,498,Which organ system is imaged?,Head,head,open,text_match,Organ,unknown,unknown,unknown,unknown,Brain,brain,False,False,Cardiovascular,cardiovascular,False,False,Brain,brain,False,False,Brain,brain,False,False,Respiratory,respiratory,False,False
12717,498,What diseases are included in the picture?,"Brain Edema, Brain Enhancing Tumor, Brain Non-enhancing Tumor",brain edema brain enhancing tumor brain nonenhancing tumor,open,text_match,Abnormality,unknown,unknown,unknown,unknown,No,no,False,True,No,no,False,True,No,no,False,True,No,no,False,True,No,no,False,True
12718,498,Is the brain enhancing tumor hyperdense or hypodense?,Hyperdense,hyperdense,closed,text_match,Color,unknown,unknown,unknown,unknown,Hypodense,hypodense,False,False,Hypodense,hypodense,False,False,Hypodense,hypodense,False,False,Hypodense,hypodense,False,False,Hypodense,hypodense,False,False
12719,498,What kind of symptoms will the disease on the left lobe of brain in the picture bring to the patient?,"Visual impairment, vomiting, tinnitus, increased intracranial pressure",visual impairment vomiting tinnitus increased intracranial pressure,open,text_match,KG,unknown,unknown,unknown,unknown,Yes.,yes,False,False,Yes.,yes,False,False,Yes.,yes,False,False,Yes.,yes,False,False,Yes.,yes,False,False
12720,506,Is this image taken via CT?,No,no,closed,yes_no,Modality,unknown,unknown,unknown,unknown,No.,no,True,True,No.,no,True,True,No.,no,True,True,No.,no,True,True,No.,no,True,True
12721,506,"Which kind of weighting is this image generated with, t1 or t2?",T1,t1,closed,text_match,Modality,unknown,unknown,unknown,unknown,T2,t2,False,False,T1,t1,True,True,T1,t1,True,True,T1,t1,True,True,T1,t1,True,True
12722,506,In what plane is this image scanned?,Transverse Plane,transverse plane,open,text_match,Plane,unknown,unknown,unknown,unknown,Axial,axial,False,False,Axial,axial,False,False,Axial,axial,False,False,Axial,axial,False,False,Axial,axial,False,False
12723,506,Which part of the human body is the organ located in the image?,Head,head,open,text_match,Position,unknown,unknown,unknown,unknown,Brain,brain,False,False,Brain,brain,False,False,Brain,brain,False,False,Brain,brain,False,False,Brain,brain,False,False
12724,506,Where is the brain tumor located?,Lower Left Lobe,lower left lobe,open,text_match,Position,unknown,unknown,unknown,unknown,Left hemisphere,left hemisphere,False,False,Brain,brain,False,False,Left hemisphere,left hemisphere,False,False,Left hemisphere,left hemisphere,False,False,Unknown,unknown,False,False
12725,506,Is this a study of the chest?,No,no,closed,yes_no,Organ,unknown,unknown,unknown,unknown,No.,no,True,True,Yes.,yes,False,False,No.,no,True,True,No.,no,True,True,Yes.,yes,False,False
12726,506,Does the patient have brain tumor?,Yes,yes,closed,yes_no,Abnormality,unknown,unknown,unknown,unknown,Yes.,yes,True,True,No,no,False,False,Yes.,yes,True,True,Yes.,yes,True,True,No.,no,False,False
12727,506,What is the main cause of the disease on the left lobe of brain in this picture?,"Brain embryonic tissue dysplasia, genetic factors, chemical factors",brain embryonic tissue dysplasia genetic factors chemical factors,open,text_match,KG,unknown,unknown,unknown,unknown,Yes.,yes,False,False,Yes.,yes,False,False,Stroke,stroke,False,False,Yes.,yes,False,False,Yes.,yes,False,False
12728,508,How was this image taken?,MRI,mri,open,text_match,Modality,unknown,unknown,unknown,unknown,MRI,mri,True,True,Yes.,yes,False,False,MRI,mri,True,True,MRI,mri,True,True,Yes.,yes,False,False
12729,508,What type of MRI is shown in this image?,T1,t1,open,text_match,Modality,unknown,unknown,unknown,unknown,Diffusion-weighted imaging (DWI),diffusionweighted imaging dwi,False,False,No,no,False,False,Diffusion-weighted imaging (DWI),diffusionweighted imaging dwi,False,False,Yes.,yes,False,False,Yes.,yes,False,False
12730,508,In what plane is this image scanned?,Transverse Plane,transverse plane,open,text_match,Plane,unknown,unknown,unknown,unknown,Axial,axial,False,False,Axial,axial,False,False,Axial,axial,False,False,Axial,axial,False,False,Axial,axial,False,False
12731,508,Where does the image represent in the body?,Head,head,open,text_match,Position,unknown,unknown,unknown,unknown,Brain,brain,False,False,Brain,brain,False,False,Brain,brain,False,False,Brain,brain,False,False,Brain,brain,False,False
12732,508,Where is the brain tumor?,Left Lobe,left lobe,open,text_match,Position,unknown,unknown,unknown,unknown,Left hemisphere,left hemisphere,False,False,Head,head,False,False,Left hemisphere,left hemisphere,False,False,Left hemisphere,left hemisphere,False,False,Unknown,unknown,False,False
12733,508,Is this a study of the abdomen?,No,no,closed,yes_no,Organ,unknown,unknown,unknown,unknown,No.,no,True,True,Yes.,yes,False,False,No.,no,True,True,No.,no,True,True,Yes.,yes,False,False
12734,508,What diseases are included in the picture?,"Brain Edema, Brain Enhancing Tumor, Brain Non-enhancing Tumor",brain edema brain enhancing tumor brain nonenhancing tumor,open,text_match,Abnormality,unknown,unknown,unknown,unknown,No,no,False,True,No,no,False,True,No,no,False,True,No,no,False,True,No,no,False,True
12735,508,What density is the brain enhancing tumor ?,Hyperdense,hyperdense,open,text_match,Color,unknown,unknown,unknown,unknown,Isodense,isodense,False,False,Isodense,isodense,False,False,Isodense,isodense,False,False,Isodense,isodense,False,False,Isodense,isodense,False,False
12736,508,What kind of symptoms will the disease on the left lobe of brain in the picture bring to the patient?,"Visual impairment, vomiting, tinnitus, increased intracranial pressure",visual impairment vomiting tinnitus increased intracranial pressure,open,text_match,KG,unknown,unknown,unknown,unknown,Yes.,yes,False,False,Yes.,yes,False,False,Yes.,yes,False,False,Yes.,yes,False,False,Yes.,yes,False,False
12737,513,Is this a CT?,No,no,closed,yes_no,Modality,unknown,unknown,unknown,unknown,No.,no,True,True,No.,no,True,True,No.,no,True,True,No.,no,True,True,No.,no,True,True
12738,513,Is this an MRI image with T2 weighted?,No,no,closed,yes_no,Modality,unknown,unknown,unknown,unknown,Yes.,yes,False,False,No.,no,True,True,No.,no,True,True,Yes.,yes,False,False,No.,no,True,True
12739,513,What is the scanning plane of this image?,Transverse Plane,transverse plane,open,text_match,Plane,unknown,unknown,unknown,unknown,Axial,axial,False,False,Axial,axial,False,False,Axial,axial,False,False,Axial,axial,False,False,Axial,axial,False,False
12740,513,Do the organs in the image exist in the head?,Yes,yes,closed,yes_no,Position,unknown,unknown,unknown,unknown,Yes.,yes,True,True,No,no,False,False,Yes.,yes,True,True,Yes.,yes,True,True,No.,no,False,False
12741,513,Where is/are the abnormality located?,Lower Left Lobe,lower left lobe,open,text_match,Position,unknown,unknown,unknown,unknown,Left hemisphere,left hemisphere,False,False,Left lung,left lung,False,False,Left hemisphere,left hemisphere,False,False,Left hemisphere,left hemisphere,False,False,Head,head,False,False
12742,513,What organ system is primarily present in this image?,Head,head,open,text_match,Organ,unknown,unknown,unknown,unknown,Brain,brain,False,False,Respiratory,respiratory,False,False,Brain,brain,False,False,Brain,brain,False,False,Respiratory,respiratory,False,False
12743,513,What disease is/are shown on the lower left of brain?,"Brain Edema, Brain Enhancing Tumor",brain edema brain enhancing tumor,open,text_match,Abnormality,unknown,unknown,unknown,unknown,Yes.,yes,False,False,Yes,yes,False,False,No,no,False,False,Yes,yes,False,False,Yes,yes,False,False
12744,513,What is the color of brain enhancing tumor in this image?,White,white,open,text_match,Color,unknown,unknown,unknown,unknown,White,white,True,True,No,no,False,False,White,white,True,True,No,no,False,False,No,no,False,False
12745,513,How many kinds of abnormalities are there in this image?,2,2,open,text_match,Quantity,unknown,unknown,unknown,unknown,Two,two,False,False,Two,two,False,False,One,one,False,False,Two,two,False,False,Yes.,yes,False,False
12746,513,How to prevent the occurrence of the disease on the lower left lobe of brain in this image?,"Pay attention to dietary hygiene, strengthen physical fitness and avoid brain trauma",pay attention to dietary hygiene strengthen physical fitness and avoid brain trauma,open,text_match,KG,unknown,unknown,unknown,unknown,Yes,yes,False,False,No,no,False,False,Yes,yes,False,False,Yes,yes,False,False,No,no,False,False
12747,525,What modality is used to take this image?,MRI,mri,open,text_match,Modality,unknown,unknown,unknown,unknown,MRI,mri,True,True,MRI,mri,True,True,MRI,mri,True,True,MRI,mri,True,True,MRI,mri,True,True
12748,525,Is this an MRI image with T2 weighted?,Yes,yes,closed,yes_no,Modality,unknown,unknown,unknown,unknown,Yes.,yes,True,True,No.,no,False,False,No.,no,False,False,Yes.,yes,True,True,No.,no,False,False
12749,525,What is the scanning plane of this image?,Transverse Plane,transverse plane,open,text_match,Plane,unknown,unknown,unknown,unknown,Axial,axial,False,False,Axial,axial,False,False,Axial,axial,False,False,Axial,axial,False,False,Yes.,yes,False,False
12750,525,Do the organs in the image exist in the head?,Yes,yes,closed,yes_no,Position,unknown,unknown,unknown,unknown,Yes.,yes,True,True,No,no,False,False,Yes.,yes,True,True,Yes.,yes,True,True,No.,no,False,False
12751,525,Where is the brain non-enhancing tumor?,Left Lobe,left lobe,open,text_match,Position,unknown,unknown,unknown,unknown,Left hemisphere,left hemisphere,False,False,Yes.,yes,False,False,Left hemisphere,left hemisphere,False,False,Left hemisphere,left hemisphere,False,False,Yes.,yes,False,False
12752,525,Is this a study of the head?,Yes,yes,closed,yes_no,Organ,unknown,unknown,unknown,unknown,Yes.,yes,True,True,Yes.,yes,True,True,Yes.,yes,True,True,Yes.,yes,True,True,Yes.,yes,True,True
12753,525,What disease is/are shown on the left of brain?,"Brain Edema, Brain Non-enhancing Tumor",brain edema brain nonenhancing tumor,open,text_match,Abnormality,unknown,unknown,unknown,unknown,No,no,False,True,Yes,yes,False,False,No,no,False,True,Yes.,yes,False,False,No,no,False,True
12754,525,How many kinds of abnormalities are there in this image?,2,2,open,text_match,Quantity,unknown,unknown,unknown,unknown,One,one,False,False,Two,two,False,False,One,one,False,False,Two,two,False,False,Yes.,yes,False,False
12755,525,How much damage will be caused to the body taking such an image?,,none,open,text_match,KG,unknown,unknown,unknown,unknown,No,no,False,True,No,no,False,True,No,no,False,True,No,no,False,True,No,no,False,True
12756,529,Is this an MRI scan?,Yes,yes,closed,yes_no,Modality,unknown,unknown,unknown,unknown,Yes.,yes,True,True,No.,no,False,False,Yes.,yes,True,True,Yes.,yes,True,True,Yes.,yes,True,True
12757,529,What is the mr weighting in this image?,T2,t2,open,text_match,Modality,unknown,unknown,unknown,unknown,T2-weighted,t2weighted,False,True,T1,t1,False,False,T2-weighted,t2weighted,False,True,T2-weighted,t2weighted,False,True,T1-weighted,t1weighted,False,False
12758,529,Is this a coronal section?,No,no,closed,yes_no,Plane,unknown,unknown,unknown,unknown,No.,no,True,True,No.,no,True,True,No.,no,True,True,No.,no,True,True,No.,no,True,True
12759,529,Do the organs in the image exist in the neck?,No,no,closed,yes_no,Position,unknown,unknown,unknown,unknown,No.,no,True,True,Yes.,yes,False,False,No.,no,True,True,No.,no,True,True,Yes.,yes,False,False
12760,529,Where is the brain edema located?,Left Lobe,left lobe,open,text_match,Position,unknown,unknown,unknown,unknown,Left hemisphere,left hemisphere,False,False,Brain,brain,False,False,Left hemisphere,left hemisphere,False,False,Left hemisphere,left hemisphere,False,False,Yes.,yes,False,False
12761,529,What organ system is pictured?,Head,head,open,text_match,Organ,unknown,unknown,unknown,unknown,Brain,brain,False,False,Respiratory,respiratory,False,False,Brain,brain,False,False,Brain,brain,False,False,Respiratory,respiratory,False,False
12762,529,Is the brain normal appearing?,No,no,closed,yes_no,Abnormality,unknown,unknown,unknown,unknown,No.,no,True,True,Yes.,yes,False,False,No.,no,True,True,Yes.,yes,False,False,No.,no,True,True
12763,529,How much damage will be caused to the body taking such an image?,,none,open,text_match,KG,unknown,unknown,unknown,unknown,No,no,False,True,No,no,False,True,No,no,False,True,No,no,False,True,No,no,False,True
12764,53,What modality is used to take this image?,MRI,mri,open,text_match,Modality,unknown,unknown,unknown,unknown,MRI,mri,True,True,MRI,mri,True,True,MRI,mri,True,True,MRI,mri,True,True,MRI,mri,True,True
12765,53,Which part of the body does this image belong to?,Brain,brain,open,text_match,Position,unknown,unknown,unknown,unknown,Brain,brain,True,True,Head,head,False,False,Brain,brain,True,True,Brain,brain,True,True,Eye,eye,False,False
12766,53,What is the mr weighting in this image?,T2,t2,open,text_match,Modality,unknown,unknown,unknown,unknown,T2-weighted,t2weighted,False,True,T1,t1,False,False,Diffusion-weighted imaging (DWI),diffusionweighted imaging dwi,False,False,T2-weighted,t2weighted,False,True,T2-weighted,t2weighted,False,True
12767,53,What is the main organ in the image?,Brain,brain,open,text_match,Organ,unknown,unknown,unknown,unknown,Brain,brain,True,True,No,no,False,False,Brain,brain,True,True,Brain,brain,True,True,Kidney,kidney,False,False
12768,53,What is the largest organ in the picture?,Brain,brain,open,text_match,Size,unknown,unknown,unknown,unknown,Brain,brain,True,True,Skin,skin,False,False,Brain,brain,True,True,Brain,brain,True,True,No,no,False,False
12769,53,Does the picture contain brian?,Yes,yes,closed,yes_no,Organ,unknown,unknown,unknown,unknown,Yes.,yes,True,True,No,no,False,False,Yes.,yes,True,True,Yes.,yes,True,True,No,no,False,False
12770,53,What diseases are included in the picture?,,none,open,text_match,Abnormality,unknown,unknown,unknown,unknown,No,no,False,True,No,no,False,True,No,no,False,True,No,no,False,True,No,no,False,True
12771,53,Does the brain look abnormal?,No,no,closed,yes_no,Abnormality,unknown,unknown,unknown,unknown,Yes.,yes,False,False,Yes.,yes,False,False,Yes.,yes,False,False,No.,no,True,True,Yes.,yes,False,False
12772,532,Is this image taken via MRI?,Yes,yes,closed,yes_no,Modality,unknown,unknown,unknown,unknown,Yes.,yes,True,True,No.,no,False,False,Yes.,yes,True,True,Yes.,yes,True,True,No.,no,False,False
12773,532,"Which kind of weighting is this image generated with, t1 or t2?",T2,t2,closed,text_match,Modality,unknown,unknown,unknown,unknown,T1,t1,False,False,T1,t1,False,False,T1,t1,False,False,T1,t1,False,False,T1,t1,False,False
12774,532,Is this a transverse section?,Yes,yes,closed,yes_no,Plane,unknown,unknown,unknown,unknown,Yes.,yes,True,True,No.,no,False,False,Yes.,yes,True,True,Yes.,yes,True,True,No.,no,False,False
12775,532,Which part do the organs in this image locate from the aspect of the whole body?,Head,head,open,text_match,Position,unknown,unknown,unknown,unknown,Cranial,cranial,False,False,Abdomen,abdomen,False,False,Head,head,True,True,Cranial,cranial,False,False,Abdomen,abdomen,False,False
12776,532,Where are the abnormalities in this image?,Lower Left Lobe,lower left lobe,open,text_match,Position,unknown,unknown,unknown,unknown,Yes.,yes,False,False,No,no,False,False,Yes.,yes,False,False,Yes.,yes,False,False,Head,head,False,False
12777,532,Which organ system is imaged?,Head,head,open,text_match,Organ,unknown,unknown,unknown,unknown,Brain,brain,False,False,Cardiovascular,cardiovascular,False,False,Brain,brain,False,False,Brain,brain,False,False,Respiratory,respiratory,False,False
12778,532,What disease is/are shown on the left of brain?,Brain Edema,brain edema,open,text_match,Abnormality,unknown,unknown,unknown,unknown,No,no,False,False,Yes,yes,False,False,No,no,False,False,No,no,False,False,No,no,False,False
12779,532,How many kinds of abnormalities are there in this image?,1,1,open,text_match,Quantity,unknown,unknown,unknown,unknown,One,one,False,False,Two,two,False,False,One,one,False,False,One,one,False,False,Yes.,yes,False,False
12780,532,How much damage will be caused to the body taking such an image?,,none,open,text_match,KG,unknown,unknown,unknown,unknown,No,no,False,True,No,no,False,True,No,no,False,True,No,no,False,True,No,no,False,True
12781,538,Which is the kidney in this image?,Symmetrical to the bottom spine,symmetrical to the bottom spine,open,text_match,Position,unknown,unknown,unknown,unknown,Yes.,yes,False,False,No,no,False,False,Left,left,False,False,Yes.,yes,False,False,No,no,False,False
12782,538,What organ is the gray part on the left of the image?,Liver,liver,open,text_match,Organ,unknown,unknown,unknown,unknown,Liver,liver,True,True,Kidney,kidney,False,False,Liver,liver,True,True,Kidney,kidney,False,False,Lung,lung,False,False
12783,538,Does the stomach appear in the image?,No,no,closed,yes_no,Organ,unknown,unknown,unknown,unknown,Yes.,yes,False,False,No,no,True,True,No,no,True,True,Yes.,yes,False,False,No.,no,True,True
12784,538,Does the picture contain spleen?,Yes,yes,closed,yes_no,Organ,unknown,unknown,unknown,unknown,Yes.,yes,True,True,No,no,False,False,Yes.,yes,True,True,No,no,False,False,No,no,False,False
12785,538,What color is the spleen in the picture?,Gray,gray,open,text_match,Color,unknown,unknown,unknown,unknown,Gray,gray,True,True,The spleen in the image appears to be a dark reddish-brown color,the spleen in the image appears to be a dark reddishbrown color,False,False,Gray,gray,True,True,Gray,gray,True,True,Black,black,False,False
12786,538,"Which is smaller in this image,liver or right kidney?",Right Kidney,right kidney,closed,text_match,Size,unknown,unknown,unknown,unknown,Right kidney,right kidney,True,True,Yes,yes,False,False,Right kidney,right kidney,True,True,Right kidney,right kidney,True,True,Yes,yes,False,False
12787,538,How many organs are there in this image?,6,6,open,text_match,Quantity,unknown,unknown,unknown,unknown,Four,four,False,False,0,0,False,False,Two,two,False,False,Four,four,False,False,0,0,False,False
12788,538,How much damage will be caused to the body taking such an image?,Much,much,open,text_match,KG,unknown,unknown,unknown,unknown,Minimal,minimal,False,False,No,no,False,False,Minimal,minimal,False,False,Minimal,minimal,False,False,,none,False,False
12789,538,Which organs/organ is part of the lymphatic system in this image?,Spleen,spleen,open,text_match,KG,unknown,unknown,unknown,unknown,No,no,False,False,No,no,False,False,No,no,False,False,No,no,False,False,No,no,False,False
12790,538,Which organs/organ is part of the urinary system in this image?,Kidney,kidney,open,text_match,KG,unknown,unknown,unknown,unknown,Kidney,kidney,True,True,Kidney,kidney,True,True,Kidney,kidney,True,True,Kidney,kidney,True,True,Kidney,kidney,True,True
12791,538,Does the picture contain the organ which has the effect of discharging waste?,Yes,yes,closed,yes_no,KG,unknown,unknown,unknown,unknown,Yes.,yes,True,True,Yes.,yes,True,True,Yes.,yes,True,True,Yes.,yes,True,True,Yes.,yes,True,True
12792,538,Do any of the organs in the picture belong to the respiratory system?,No,no,closed,yes_no,KG,unknown,unknown,unknown,unknown,No,no,True,True,No,no,True,True,No,no,True,True,No,no,True,True,No,no,True,True
12793,543,In what plane is this image scanned?,Transverse Plane,transverse plane,open,text_match,Plane,unknown,unknown,unknown,unknown,Axial,axial,False,False,Coronal,coronal,False,False,Axial,axial,False,False,Axial,axial,False,False,Axial,axial,False,False
12794,543,Where is the colon in this image?,Upper Right,upper right,open,text_match,Position,unknown,unknown,unknown,unknown,Left side,left side,False,False,No,no,False,False,Left side,left side,False,False,Yes.,yes,False,False,No,no,False,False
12795,543,Is this a study of the abdomen?,Yes,yes,closed,yes_no,Organ,unknown,unknown,unknown,unknown,Yes.,yes,True,True,No,no,False,False,Yes.,yes,True,True,Yes.,yes,True,True,No.,no,False,False
12796,543,Does the trachea exist in this picture?,No,no,closed,yes_no,Organ,unknown,unknown,unknown,unknown,No.,no,True,True,No,no,True,True,No,no,True,True,No,no,True,True,No.,no,True,True
12797,543,Does the picture contain bladder?,No,no,closed,yes_no,Organ,unknown,unknown,unknown,unknown,Yes.,yes,False,False,No,no,True,True,Yes.,yes,False,False,Yes.,yes,False,False,No,no,True,True
12798,543,"Which is smaller in this image,liver or lung?",Lung,lung,closed,text_match,Size,unknown,unknown,unknown,unknown,Lung,lung,True,True,Liver,liver,False,False,Liver,liver,False,False,Liver,liver,False,False,Liver,liver,False,False
12799,543,How many lungs have existed in this image?,2,2,open,text_match,Quantity,unknown,unknown,unknown,unknown,Two,two,False,False,Two,two,False,False,Two,two,False,False,Two,two,False,False,0,0,False,False
12800,543,What is the effect of the organ on the upper left of this image?,"Biotransformation, detoxification",biotransformation detoxification,open,text_match,KG,unknown,unknown,unknown,unknown,The organ on the upper left of the image is the liver. The liver plays,the organ on the upper left of the image is the liver the liver plays,False,False,The organ in the upper left of the image is the liver. The liver plays,the organ in the upper left of the image is the liver the liver plays,False,False,The organ on the upper left of the image is the liver. The liver plays,the organ on the upper left of the image is the liver the liver plays,False,False,The organ on the upper left of the image is the liver. The liver plays,the organ on the upper left of the image is the liver the liver plays,False,False,The organ in the upper left of the image appears to be the liver. The,the organ in the upper left of the image appears to be the liver the,False,False
12801,543,Which organs/organ in the picture belong to the respiratory system?,Lung,lung,open,text_match,KG,unknown,unknown,unknown,unknown,No,no,False,False,Lungs,lungs,False,True,No,no,False,False,No,no,False,False,Lungs,lungs,False,True
12802,543,Does the picture contain the organ that could be used for secreting enzymes?,No,no,closed,yes_no,KG,unknown,unknown,unknown,unknown,Yes.,yes,False,False,Yes.,yes,False,False,Yes.,yes,False,False,Yes.,yes,False,False,Yes.,yes,False,False
12803,543,Do any of the organs in the picture belong to the digestive system?,Yes,yes,closed,yes_no,KG,unknown,unknown,unknown,unknown,Yes.,yes,True,True,No,no,False,False,Yes.,yes,True,True,Yes.,yes,True,True,Yes.,yes,True,True
12804,548,Which organ system is imaged?,Abdomen,abdomen,open,text_match,Organ,unknown,unknown,unknown,unknown,Gastrointestinal,gastrointestinal,False,False,Cardiovascular,cardiovascular,False,False,Gastrointestinal,gastrointestinal,False,False,Gastrointestinal,gastrointestinal,False,False,No,no,False,False
12805,548,Does the larynx appear in the image?,No,no,closed,yes_no,Organ,unknown,unknown,unknown,unknown,No,no,True,True,No,no,True,True,No,no,True,True,No,no,True,True,No.,no,True,True
12806,548,Does the lung exist in this picture?,Yes,yes,closed,yes_no,Organ,unknown,unknown,unknown,unknown,No,no,False,False,No,no,False,False,No,no,False,False,No,no,False,False,No.,no,False,False
12807,548,"Which is smaller in this image,colon or liver?",Colon,colon,closed,text_match,Size,unknown,unknown,unknown,unknown,Colon,colon,True,True,Liver,liver,False,False,Colon,colon,True,True,Colon,colon,True,True,Liver,liver,False,False
12808,548,How many existing heart in this image?,0,0,open,text_match,Quantity,unknown,unknown,unknown,unknown,One,one,False,False,0,0,True,True,One,one,False,False,One,one,False,False,0,0,True,True
12809,548,What is the function of the organs appearing in pairs in the picture?,Breathe,breathe,open,text_match,KG,unknown,unknown,unknown,unknown,Respiratory,respiratory,False,False,Respiratory system,respiratory system,False,False,Respiratory,respiratory,False,False,Respiratory,respiratory,False,False,Respiratory system,respiratory system,False,False
12810,548,Which organs/organ is part of the digestive system in this image?,"Stomach, Colon",stomach colon,open,text_match,KG,unknown,unknown,unknown,unknown,Liver,liver,False,False,No,no,False,False,Liver,liver,False,False,Liver,liver,False,False,No,no,False,False
12811,548,Which organs/organ in the picture belong to the urinary system?,Kidney,kidney,open,text_match,KG,unknown,unknown,unknown,unknown,Kidney,kidney,True,True,Kidney,kidney,True,True,No,no,False,False,Kidney,kidney,True,True,No,no,False,False
12812,548,Does the picture contain the organ which has the effect of detoxicating?,Yes,yes,closed,yes_no,KG,unknown,unknown,unknown,unknown,Yes.,yes,True,True,Yes.,yes,True,True,Yes.,yes,True,True,Yes.,yes,True,True,Yes.,yes,True,True
12813,548,Does the picture contain the organ which has the effect of adjusting water and osmotic pressure balance?,Yes,yes,closed,yes_no,KG,unknown,unknown,unknown,unknown,Yes.,yes,True,True,Yes.,yes,True,True,Yes.,yes,True,True,Yes.,yes,True,True,Yes.,yes,True,True
12814,554,What organ is the gray part on the right of the image?,Small Bowel,small bowel,open,text_match,Organ,unknown,unknown,unknown,unknown,Kidney,kidney,False,False,Kidney,kidney,False,False,Kidney,kidney,False,False,Kidney,kidney,False,False,Kidney,kidney,False,False
12815,554,Does the picture contain colon?,No,no,closed,yes_no,Organ,unknown,unknown,unknown,unknown,Yes.,yes,False,False,No,no,True,True,Yes.,yes,False,False,Yes.,yes,False,False,Yes.,yes,False,False
12816,554,Does the picture contain brain stem?,No,no,closed,yes_no,Organ,unknown,unknown,unknown,unknown,No,no,True,True,No,no,True,True,No,no,True,True,No,no,True,True,No,no,True,True
12817,554,"Which is smaller in this image,kidney or small bowel?",Kidney,kidney,closed,text_match,Size,unknown,unknown,unknown,unknown,Small bowel,small bowel,False,False,Yes,yes,False,False,Small bowel,small bowel,False,False,Small bowel,small bowel,False,False,Small bowel,small bowel,False,False
12818,554,How many existing heart in this image?,0,0,open,text_match,Quantity,unknown,unknown,unknown,unknown,One,one,False,False,0,0,True,True,One,one,False,False,0,0,True,True,0,0,True,True
12819,554,What is the effect of the organ on the top of this image?,"Absorb nutrients, secrete enzymes, digest food",absorb nutrients secrete enzymes digest food,open,text_match,KG,unknown,unknown,unknown,unknown,"The organ at the top of the image appears to be the liver, which plays",the organ at the top of the image appears to be the liver which plays,False,False,"The organ at the top of the image is the brain, which controls and coordinates",the organ at the top of the image is the brain which controls and coordinates,False,False,Filter,filter,False,False,"The organ at the top of the image appears to be the liver, which plays",the organ at the top of the image appears to be the liver which plays,False,False,No,no,False,False
12820,554,Are there some organs controlling heartbeat and breathing in this image?,No,no,closed,yes_no,KG,unknown,unknown,unknown,unknown,Yes.,yes,False,False,No.,no,True,True,Yes.,yes,False,False,No,no,True,True,No.,no,True,True
12821,554,Does the picture contain the organ which has the effect of digesting food?,Yes,yes,closed,yes_no,KG,unknown,unknown,unknown,unknown,Yes.,yes,True,True,Yes.,yes,True,True,Yes.,yes,True,True,Yes.,yes,True,True,Yes.,yes,True,True
12822,557,Which is the kidney in this image?,Symmetrical to the bottom spine,symmetrical to the bottom spine,open,text_match,Position,unknown,unknown,unknown,unknown,Yes.,yes,False,False,No,no,False,False,Left,left,False,False,Yes.,yes,False,False,No,no,False,False
12823,557,What organ is the black part on the upper left of the image?,Small Bowel,small bowel,open,text_match,Organ,unknown,unknown,unknown,unknown,Kidney,kidney,False,False,Liver,liver,False,False,Kidney,kidney,False,False,Kidney,kidney,False,False,Liver,liver,False,False
12824,557,Does the rectum appear in this picture?,No,no,closed,yes_no,Organ,unknown,unknown,unknown,unknown,No,no,True,True,No,no,True,True,No,no,True,True,No,no,True,True,Yes.,yes,False,False
12825,557,Does the picture contain heart?,No,no,closed,yes_no,Organ,unknown,unknown,unknown,unknown,No,no,True,True,No,no,True,True,No,no,True,True,No,no,True,True,No,no,True,True
12826,557,What color does the left kidney show in the picture?,Gray,gray,open,text_match,Color,unknown,unknown,unknown,unknown,Gray,gray,True,True,Black,black,False,False,White,white,False,False,Gray,gray,True,True,Black,black,False,False
12827,557,"Which is smaller in this image, liver or right kidney?",Liver,liver,closed,text_match,Size,unknown,unknown,unknown,unknown,Right kidney,right kidney,False,False,Yes,yes,False,False,Right kidney,right kidney,False,False,Right kidney,right kidney,False,False,Right kidney,right kidney,False,False
12828,557,How many organs are there in this image?,5,5,open,text_match,Quantity,unknown,unknown,unknown,unknown,Four,four,False,False,0,0,False,False,Multiple,multiple,False,False,Four,four,False,False,0,0,False,False
12829,557,What is the shape of spinal cord in this image?,Circular,circular,open,text_match,Shape,unknown,unknown,unknown,unknown,Cylindrical,cylindrical,False,False,C-shaped,cshaped,False,False,Circular,circular,True,True,Oval,oval,False,False,Square,square,False,False
12830,557,What is the effect of the organ on the top of this image?,"Absorb nutrients, secrete enzymes, digest food",absorb nutrients secrete enzymes digest food,open,text_match,KG,unknown,unknown,unknown,unknown,"The organ at the top of the image appears to be the liver, which plays",the organ at the top of the image appears to be the liver which plays,False,False,"The organ at the top of the image is the brain, which controls and coordinates",the organ at the top of the image is the brain which controls and coordinates,False,False,"The organ at the top of the image appears to be the liver, which plays",the organ at the top of the image appears to be the liver which plays,False,False,Respiratory function,respiratory function,False,False,No,no,False,False
12831,557,Which organs/organ is part of the nervous system in this image?,Spinal cord,spinal cord,open,text_match,KG,unknown,unknown,unknown,unknown,No,no,False,False,Brain,brain,False,False,Spinal cord,spinal cord,True,True,Spinal cord,spinal cord,True,True,Brain,brain,False,False
12832,557,Does the picture contain the organ which has the effect of digesting food?,Yes,yes,closed,yes_no,KG,unknown,unknown,unknown,unknown,Yes.,yes,True,True,Yes.,yes,True,True,Yes.,yes,True,True,Yes.,yes,True,True,Yes.,yes,True,True
12833,557,Does the picture contain the organ that could be used for secreting enzymes?,Yes,yes,closed,yes_no,KG,unknown,unknown,unknown,unknown,Yes.,yes,True,True,Yes.,yes,True,True,Yes.,yes,True,True,Yes.,yes,True,True,Yes.,yes,True,True
12834,561,Where is the liver in this image?,Left,left,open,text_match,Position,unknown,unknown,unknown,unknown,Right side,right side,False,False,No,no,False,False,Right side,right side,False,False,Right side,right side,False,False,No,no,False,False
12835,561,Is this a study of the abdomen?,Yes,yes,closed,yes_no,Organ,unknown,unknown,unknown,unknown,Yes.,yes,True,True,No,no,False,False,Yes.,yes,True,True,Yes.,yes,True,True,Yes.,yes,True,True
12836,561,Does the picture contain colon?,No,no,closed,yes_no,Organ,unknown,unknown,unknown,unknown,Yes.,yes,False,False,No,no,True,True,Yes.,yes,False,False,Yes.,yes,False,False,Yes.,yes,False,False
12837,561,Does the humerus head exist in this picture?,No,no,closed,yes_no,Organ,unknown,unknown,unknown,unknown,No,no,True,True,No.,no,True,True,No,no,True,True,No,no,True,True,Yes.,yes,False,False
12838,561,What color does the duodenum show in the picture?,Gray,gray,open,text_match,Color,unknown,unknown,unknown,unknown,Gray,gray,True,True,No,no,False,False,Gray,gray,True,True,Gray,gray,True,True,Black,black,False,False
12839,561,"Which is smaller in this image, spleen or kidney?",Spleen,spleen,closed,text_match,Size,unknown,unknown,unknown,unknown,Spleen,spleen,True,True,Yes,yes,False,False,Spleen,spleen,True,True,Spleen,spleen,True,True,Spleen,spleen,True,True
12840,561,How many lungs have existed in this image?,0,0,open,text_match,Quantity,unknown,unknown,unknown,unknown,Two,two,False,False,Two,two,False,False,Two,two,False,False,Two,two,False,False,One,one,False,False
12841,561,What is the shape of spleen in the picture?,Oval,oval,open,text_match,Shape,unknown,unknown,unknown,unknown,No,no,False,False,Irregular,irregular,False,False,No,no,False,False,No,no,False,False,Irregular,irregular,False,False
12842,561,What is the function of the organ on the center of this image?,"Absorb nutrients, secrete enzymes, digest food",absorb nutrients secrete enzymes digest food,open,text_match,KG,unknown,unknown,unknown,unknown,Respiratory system,respiratory system,False,False,Heart,heart,False,False,Filter blood and produce urine,filter blood and produce urine,False,False,Respiratory system,respiratory system,False,False,Heart,heart,False,False
12843,561,Which organs/organ is part of the nervous system in this image?,Spinal cord,spinal cord,open,text_match,KG,unknown,unknown,unknown,unknown,No,no,False,False,Brain,brain,False,False,No,no,False,False,No,no,False,False,Brain,brain,False,False
12844,561,Are there organs in the picture that can adjust water and osmotic pressure balance?,Yes,yes,closed,yes_no,KG,unknown,unknown,unknown,unknown,Yes.,yes,True,True,Yes.,yes,True,True,Yes.,yes,True,True,Yes.,yes,True,True,Yes.,yes,True,True
12845,561,Are there any organs used for breathing in this image?,No,no,closed,yes_no,KG,unknown,unknown,unknown,unknown,No,no,True,True,No,no,True,True,No,no,True,True,No,no,True,True,No.,no,True,True
12846,573,Is this a transverse section?,Yes,yes,closed,yes_no,Plane,unknown,unknown,unknown,unknown,Yes.,yes,True,True,No,no,False,False,Yes.,yes,True,True,Yes.,yes,True,True,No.,no,False,False
12847,573,Where is the stomach in this image?,Upper Right,upper right,open,text_match,Position,unknown,unknown,unknown,unknown,Left side,left side,False,False,No,no,False,False,Left side,left side,False,False,Left side,left side,False,False,No,no,False,False
12848,573,Which organ system is imaged?,Abdomen,abdomen,open,text_match,Organ,unknown,unknown,unknown,unknown,Gastrointestinal,gastrointestinal,False,False,Cardiovascular,cardiovascular,False,False,Gastrointestinal,gastrointestinal,False,False,Gastrointestinal,gastrointestinal,False,False,Respiratory,respiratory,False,False
12849,573,Does the picture contain eyes?,No,no,closed,yes_no,Organ,unknown,unknown,unknown,unknown,No,no,True,True,No.,no,True,True,No,no,True,True,No,no,True,True,Yes.,yes,False,False
12850,573,Is there femoral head in this picture?,No,no,closed,yes_no,Organ,unknown,unknown,unknown,unknown,No,no,True,True,No,no,True,True,No,no,True,True,No,no,True,True,Yes.,yes,False,False
12851,573,"Which is bigger in this image,liver or stomach?",Liver,liver,closed,text_match,Size,unknown,unknown,unknown,unknown,Liver,liver,True,True,Liver,liver,True,True,Liver,liver,True,True,Liver,liver,True,True,Liver,liver,True,True
12852,573,How many kidneys have existed in this image?,0,0,open,text_match,Quantity,unknown,unknown,unknown,unknown,Two,two,False,False,One,one,False,False,Two,two,False,False,Two,two,False,False,One,one,False,False
12853,573,What is the shape of spinal cord in this image?,Circular,circular,open,text_match,Shape,unknown,unknown,unknown,unknown,C-shaped,cshaped,False,False,C-shaped,cshaped,False,False,C-shaped,cshaped,False,False,C-shaped,cshaped,False,False,Irregular,irregular,False,False
12854,573,What is the function of the rightmost organ in this picture?,Improve the body's immunity,improve the bodys immunity,open,text_match,KG,unknown,unknown,unknown,unknown,Respiratory,respiratory,False,False,The rightmost organ in the image is the liver. The liver's primary functions,the rightmost organ in the image is the liver the livers primary functions,False,False,Liver,liver,False,False,Kidney,kidney,False,False,Kidney,kidney,False,False
12855,573,Which organs/organ in the picture belong to the lymphatic system?,Spleen,spleen,open,text_match,KG,unknown,unknown,unknown,unknown,No,no,False,False,No,no,False,False,No,no,False,False,No,no,False,False,No,no,False,False
12856,573,Does the picture contain the organ that could receive sound?,No,no,closed,yes_no,KG,unknown,unknown,unknown,unknown,No,no,True,True,No.,no,True,True,No,no,True,True,Yes.,yes,False,False,Yes.,yes,False,False
12857,573,Does the picture contain the organ which has the effect of gas delivery?,No,no,closed,yes_no,KG,unknown,unknown,unknown,unknown,Yes.,yes,False,False,Yes.,yes,False,False,Yes.,yes,False,False,Yes.,yes,False,False,Yes.,yes,False,False
12858,578,In what plane is this image scanned?,Transverse Plane,transverse plane,open,text_match,Plane,unknown,unknown,unknown,unknown,Axial,axial,False,False,Coronal,coronal,False,False,Axial,axial,False,False,Axial,axial,False,False,Axial,axial,False,False
12859,578,Where is the esophagus in this image?,Center,center,open,text_match,Position,unknown,unknown,unknown,unknown,Yes.,yes,False,False,No,no,False,False,Yes.,yes,False,False,Yes.,yes,False,False,No,no,False,False
12860,578,What is the organ system visualized?,Abdomen,abdomen,open,text_match,Organ,unknown,unknown,unknown,unknown,Gastrointestinal,gastrointestinal,False,False,Cardiovascular,cardiovascular,False,False,Gastrointestinal,gastrointestinal,False,False,Gastrointestinal,gastrointestinal,False,False,No,no,False,False
12861,578,Does the esophagus exist in this picture?,Yes,yes,closed,yes_no,Organ,unknown,unknown,unknown,unknown,Yes.,yes,True,True,No,no,False,False,Yes.,yes,True,True,Yes.,yes,True,True,No.,no,False,False
12862,578,Does the stomach appear in the image?,No,no,closed,yes_no,Organ,unknown,unknown,unknown,unknown,Yes.,yes,False,False,No,no,True,True,Yes.,yes,False,False,Yes.,yes,False,False,No.,no,True,True
12863,578,What color is the spleen in this image?,Gray,gray,open,text_match,Color,unknown,unknown,unknown,unknown,Gray,gray,True,True,The spleen appears to be a dark reddish-brown color in the image,the spleen appears to be a dark reddishbrown color in the image,False,False,Gray,gray,True,True,Gray,gray,True,True,Black,black,False,False
12864,578,"Which is the biggest in this image, spleen, heart or liver?",Liver,liver,closed,text_match,Size,unknown,unknown,unknown,unknown,Liver,liver,True,True,Liver,liver,True,True,Liver,liver,True,True,Liver,liver,True,True,Liver,liver,True,True
12865,578,How many existing heart in this image?,1,1,open,text_match,Quantity,unknown,unknown,unknown,unknown,One,one,False,False,0,0,False,False,One,one,False,False,One,one,False,False,0,0,False,False
12866,578,How much damage will be caused to the body taking such an image?,Much,much,open,text_match,KG,unknown,unknown,unknown,unknown,Minimal,minimal,False,False,No,no,False,False,Minimal,minimal,False,False,Minimal,minimal,False,False,,none,False,False
12867,578,Are there organs in the picture that can digest food?,No,no,closed,yes_no,KG,unknown,unknown,unknown,unknown,Yes.,yes,False,False,No,no,True,True,Yes.,yes,False,False,Yes.,yes,False,False,No.,no,True,True
12868,58,What modality is used to take this image?,MRI,mri,open,text_match,Modality,unknown,unknown,unknown,unknown,MRI,mri,True,True,MRI,mri,True,True,MRI,mri,True,True,MRI,mri,True,True,X-ray,xray,False,False
12869,58,Which part of the body does this image belong to?,Brain,brain,open,text_match,Position,unknown,unknown,unknown,unknown,Brain,brain,True,True,Head,head,False,False,Brain,brain,True,True,Brain,brain,True,True,Head,head,False,False
12870,58,What is the mr weighting in this image?,T2,t2,open,text_match,Modality,unknown,unknown,unknown,unknown,T2-weighted,t2weighted,False,True,T1,t1,False,False,Diffusion-weighted imaging (DWI),diffusionweighted imaging dwi,False,False,T1-weighted,t1weighted,False,False,T2-weighted,t2weighted,False,True
12871,58,What is the main organ in the image?,Brain,brain,open,text_match,Organ,unknown,unknown,unknown,unknown,Brain,brain,True,True,No,no,False,False,Brain,brain,True,True,Brain,brain,True,True,Kidney,kidney,False,False
12872,58,What is the largest organ in the picture?,Brain,brain,open,text_match,Size,unknown,unknown,unknown,unknown,Brain,brain,True,True,Skin,skin,False,False,Brain,brain,True,True,Brain,brain,True,True,Skin,skin,False,False
12873,58,Does the picture contain brian?,Yes,yes,closed,yes_no,Organ,unknown,unknown,unknown,unknown,Yes.,yes,True,True,No,no,False,False,Yes.,yes,True,True,Yes.,yes,True,True,No,no,False,False
12874,58,What diseases are included in the picture?,"Brain Tumor, Brain Edema",brain tumor brain edema,open,text_match,Abnormality,unknown,unknown,unknown,unknown,No,no,False,False,No,no,False,False,No,no,False,False,No,no,False,False,No,no,False,False
12875,58,Is the brain healthy?,No,no,closed,yes_no,Abnormality,unknown,unknown,unknown,unknown,No.,no,True,True,Yes.,yes,False,False,No.,no,True,True,No.,no,True,True,No.,no,True,True
12876,58,Where is/are the abnormality located?,Lower Left,lower left,open,text_match,Position,unknown,unknown,unknown,unknown,Left hemisphere,left hemisphere,False,False,Left lung,left lung,False,False,Left hemisphere,left hemisphere,False,False,Left hemisphere,left hemisphere,False,False,Head,head,False,False
12877,580,Which part of the body does this image belong to?,Abdomen,abdomen,open,text_match,Position,unknown,unknown,unknown,unknown,Abdomen,abdomen,True,True,Head,head,False,False,Abdomen,abdomen,True,True,Abdomen,abdomen,True,True,Head,head,False,False
12878,580,"Where is the heart in this image,left,top or upper left?",Top,top,closed,text_match,Position,unknown,unknown,unknown,unknown,Upper left,upper left,False,False,Top,top,True,True,Upper left,upper left,False,False,Upper left,upper left,False,False,Top,top,True,True
12879,580,Is this a study of the abdomen?,Yes,yes,closed,yes_no,Organ,unknown,unknown,unknown,unknown,Yes.,yes,True,True,No,no,False,False,Yes.,yes,True,True,Yes.,yes,True,True,No.,no,False,False
12880,580,Does the picture contain heart?,Yes,yes,closed,yes_no,Organ,unknown,unknown,unknown,unknown,Yes.,yes,True,True,No,no,False,False,Yes.,yes,True,True,Yes.,yes,True,True,No,no,False,False
12881,580,Does the picture contain stomach?,No,no,closed,yes_no,Organ,unknown,unknown,unknown,unknown,Yes.,yes,False,False,No,no,True,True,Yes.,yes,False,False,Yes.,yes,False,False,No.,no,True,True
12882,580,"Which is smaller in this image, esophagus or liver?",Esophagus,esophagus,closed,text_match,Size,unknown,unknown,unknown,unknown,Esophagus,esophagus,True,True,Yes,yes,False,False,Esophagus,esophagus,True,True,Esophagus,esophagus,True,True,Liver,liver,False,False
12883,580,How many lungs have existed in this image?,2,2,open,text_match,Quantity,unknown,unknown,unknown,unknown,Two,two,False,False,Two,two,False,False,Two,two,False,False,Two,two,False,False,One,one,False,False
12884,580,How much damage will be caused to the body taking such an image?,Much,much,open,text_match,KG,unknown,unknown,unknown,unknown,Minimal,minimal,False,False,No,no,False,False,Minimal,minimal,False,False,Minimal,minimal,False,False,,none,False,False
12885,580,Which organs/organ in the picture belong to the digestive system?,Esophagus,esophagus,open,text_match,KG,unknown,unknown,unknown,unknown,Liver,liver,False,False,No,no,False,False,Liver,liver,False,False,Liver,liver,False,False,No,no,False,False
12886,580,Does the picture contain the organ which has the effect of gas delivery?,No,no,closed,yes_no,KG,unknown,unknown,unknown,unknown,Yes.,yes,False,False,Yes.,yes,False,False,Yes.,yes,False,False,Yes.,yes,False,False,Yes.,yes,False,False
12887,580,Does the picture contain the organ that could promote blood flow?,Yes,yes,closed,yes_no,KG,unknown,unknown,unknown,unknown,Yes.,yes,True,True,Yes.,yes,True,True,Yes.,yes,True,True,Yes.,yes,True,True,Yes.,yes,True,True
12888,586,In what plane is this image scanned?,Transverse Plane,transverse plane,open,text_match,Plane,unknown,unknown,unknown,unknown,Axial,axial,False,False,Coronal,coronal,False,False,Axial,axial,False,False,Axial,axial,False,False,Axial,axial,False,False
12889,586,What is the leftmost organ in this image?,Right Lung,right lung,open,text_match,Organ,unknown,unknown,unknown,unknown,Lung,lung,False,True,Liver,liver,False,False,Heart,heart,False,False,Liver,liver,False,False,No,no,False,False
12890,586,Does the picture contain spinal cord?,Yes,yes,closed,yes_no,Organ,unknown,unknown,unknown,unknown,Yes.,yes,True,True,No,no,False,False,No,no,False,False,Yes.,yes,True,True,No.,no,False,False
12891,586,Does the rectum appear in this picture?,No,no,closed,yes_no,Organ,unknown,unknown,unknown,unknown,No,no,True,True,No,no,True,True,No,no,True,True,No,no,True,True,No,no,True,True
12892,586,What color is the lung in this image?,Black,black,open,text_match,Color,unknown,unknown,unknown,unknown,White,white,False,False,"The lung in the image appears to be white, which is typical for a CT",the lung in the image appears to be white which is typical for a ct,False,False,Black,black,True,True,Gray,gray,False,False,Black,black,True,True
12893,586,"Which is smaller in this image,heart or esophagus?",Esophagus,esophagus,closed,text_match,Size,unknown,unknown,unknown,unknown,Yes,yes,False,False,Yes,yes,False,False,Yes.,yes,False,False,Yes,yes,False,False,Yes,yes,False,False
12894,586,How many organs are there in this image?,4,4,open,text_match,Quantity,unknown,unknown,unknown,unknown,Two,two,False,False,0,0,False,False,Two,two,False,False,Two,two,False,False,0,0,False,False
12895,586,What is the function of the organ on the top of this image?,Promote blood flow,promote blood flow,open,text_match,KG,unknown,unknown,unknown,unknown,Heart,heart,False,False,Respiratory system,respiratory system,False,False,Heart,heart,False,False,Heart,heart,False,False,Heart,heart,False,False
12896,586,Does the picture contain the organ that could receive sound?,No,no,closed,yes_no,KG,unknown,unknown,unknown,unknown,Yes.,yes,False,False,No.,no,True,True,Yes.,yes,False,False,Yes.,yes,False,False,Yes.,yes,False,False
12897,586,Does the picture contain the organ which has the effect of sensing light?,No,no,closed,yes_no,KG,unknown,unknown,unknown,unknown,No,no,True,True,No,no,True,True,No,no,True,True,No,no,True,True,Yes.,yes,False,False
12898,604,What modality is used to take this image?,CT,ct,open,text_match,Modality,unknown,unknown,unknown,unknown,CT,ct,True,True,MRI,mri,False,False,CT,ct,True,True,MRI,mri,False,False,MRI,mri,False,False
12899,604,Where does the image represent in the body?,Pelvic Cavity,pelvic cavity,open,text_match,Position,unknown,unknown,unknown,unknown,Pelvis,pelvis,False,False,Brain,brain,False,False,Pelvis,pelvis,False,False,Pelvis,pelvis,False,False,Brain,brain,False,False
12900,604,Where is the rectum existing in this image?,Bottom,bottom,open,text_match,Position,unknown,unknown,unknown,unknown,Yes.,yes,False,False,No,no,False,False,Yes.,yes,False,False,Yes.,yes,False,False,No,no,False,False
12901,604,What organ system is primarily present in this image?,Pelvic Cavity,pelvic cavity,open,text_match,Organ,unknown,unknown,unknown,unknown,Genitourinary,genitourinary,False,False,Respiratory,respiratory,False,False,Genitourinary,genitourinary,False,False,Genitourinary,genitourinary,False,False,Respiratory,respiratory,False,False
12902,604,Does the picture contain bladder?,Yes,yes,closed,yes_no,Organ,unknown,unknown,unknown,unknown,Yes.,yes,True,True,No,no,False,False,Yes.,yes,True,True,Yes.,yes,True,True,Yes.,yes,True,True
12903,604,Does the parotid appear in the image?,No,no,closed,yes_no,Organ,unknown,unknown,unknown,unknown,No,no,True,True,No,no,True,True,Yes.,yes,False,False,No,no,True,True,Yes.,yes,False,False
12904,604,"Which is smaller in this image, bladder or rectum?",Rectum,rectum,closed,text_match,Size,unknown,unknown,unknown,unknown,Bladder,bladder,False,False,Bladder,bladder,False,False,Bladder,bladder,False,False,Bladder,bladder,False,False,Bladder,bladder,False,False
12905,604,How many femoral heads are shown in this image?,0,0,open,text_match,Quantity,unknown,unknown,unknown,unknown,Two,two,False,False,Two,two,False,False,Two,two,False,False,Two,two,False,False,Yes.,yes,False,False
12906,604,What is the function of the organ on the bottom of this picture?,"Store feces, excrete feces",store feces excrete feces,open,text_match,KG,unknown,unknown,unknown,unknown,Reproductive,reproductive,False,False,Kidney,kidney,False,False,Bladder,bladder,False,False,Bladder,bladder,False,False,Kidney,kidney,False,False
12907,604,Which organs/organ in the picture belong to the digestive system?,Rectum,rectum,open,text_match,KG,unknown,unknown,unknown,unknown,Colon,colon,False,False,No,no,False,False,Yes,yes,False,False,Yes,yes,False,False,No,no,False,False
12908,604,Does the picture contain the organ which has the effect of discharging waste?,No,no,closed,yes_no,KG,unknown,unknown,unknown,unknown,Yes.,yes,False,False,Yes.,yes,False,False,Yes.,yes,False,False,Yes.,yes,False,False,Yes.,yes,False,False
12909,604,Does the picture contain the organ which has the effect of excreting feces?,Yes,yes,closed,yes_no,KG,unknown,unknown,unknown,unknown,Yes.,yes,True,True,No,no,False,False,Yes.,yes,True,True,Yes.,yes,True,True,No,no,False,False
12910,605,Is this a coronal section?,No,no,closed,yes_no,Plane,unknown,unknown,unknown,unknown,No.,no,True,True,No.,no,True,True,No.,no,True,True,No.,no,True,True,No.,no,True,True
12911,605,Which part do the organs in this image locate from the aspect of the whole body?,Pelvic Cavity,pelvic cavity,open,text_match,Position,unknown,unknown,unknown,unknown,Pelvic,pelvic,False,True,Abdomen,abdomen,False,False,Abdomen,abdomen,False,False,Abdomen,abdomen,False,False,Abdomen,abdomen,False,False
12912,605,Where is rectum in this image?,Bottom,bottom,open,text_match,Position,unknown,unknown,unknown,unknown,Center,center,False,False,No,no,False,False,Yes.,yes,False,False,Yes.,yes,False,False,No,no,False,False
12913,605,What is the organ system visualized?,Pelvic Cavity,pelvic cavity,open,text_match,Organ,unknown,unknown,unknown,unknown,Genitourinary,genitourinary,False,False,Cardiovascular,cardiovascular,False,False,Genitourinary,genitourinary,False,False,Genitourinary,genitourinary,False,False,No,no,False,False
12914,605,Does the picture contain rectum?,Yes,yes,closed,yes_no,Organ,unknown,unknown,unknown,unknown,Yes.,yes,True,True,No,no,False,False,Yes.,yes,True,True,Yes.,yes,True,True,Yes.,yes,True,True
12915,605,Does the picture contain bladder?,Yes,yes,closed,yes_no,Organ,unknown,unknown,unknown,unknown,Yes.,yes,True,True,No,no,False,False,Yes.,yes,True,True,Yes.,yes,True,True,Yes.,yes,True,True
12916,605,What is the largest organ in the picture?,Bladder,bladder,open,text_match,Size,unknown,unknown,unknown,unknown,Bladder,bladder,True,True,Skin,skin,False,False,Liver,liver,False,False,Skin,skin,False,False,Skin,skin,False,False
12917,605,What is the effect of the gray organ on the center of this picture?,Store urine,store urine,open,text_match,KG,unknown,unknown,unknown,unknown,"The central gray organ appears to be the prostate gland, which can affect surrounding tissues",the central gray organ appears to be the prostate gland which can affect surrounding tissues,False,False,"The central organ in the image is the heart, which plays a crucial role in",the central organ in the image is the heart which plays a crucial role in,False,False,"The central gray organ appears to be the spinal cord, which serves as a conduit",the central gray organ appears to be the spinal cord which serves as a conduit,False,False,Support,support,False,False,"The central gray organ appears to be a heart, which is crucial for pumping blood",the central gray organ appears to be a heart which is crucial for pumping blood,False,False
12918,605,Which organs/organ is part of the digestive system in this image?,Rectum,rectum,open,text_match,KG,unknown,unknown,unknown,unknown,Yes,yes,False,False,No,no,False,False,Stomach,stomach,False,False,Yes,yes,False,False,No,no,False,False
12919,605,Does the picture contain the organ which has the effect of excreting feces?,Yes,yes,closed,yes_no,KG,unknown,unknown,unknown,unknown,Yes.,yes,True,True,No,no,False,False,No,no,False,False,Yes.,yes,True,True,No,no,False,False
12920,605,Does the picture contain the organ which has the effect of detoxicating?,No,no,closed,yes_no,KG,unknown,unknown,unknown,unknown,Yes.,yes,False,False,Yes.,yes,False,False,Yes.,yes,False,False,Yes.,yes,False,False,Yes.,yes,False,False
12921,622,Which part of the body does this image belong to?,Pelvic Cavity,pelvic cavity,open,text_match,Position,unknown,unknown,unknown,unknown,Abdomen,abdomen,False,False,Head,head,False,False,Abdomen,abdomen,False,False,Abdomen,abdomen,False,False,Head,head,False,False
12922,622,Is this a study of the pelvic cavity?,Yes,yes,closed,yes_no,Organ,unknown,unknown,unknown,unknown,Yes.,yes,True,True,Yes.,yes,True,True,Yes.,yes,True,True,Yes.,yes,True,True,Yes.,yes,True,True
12923,622,Does the picture contain colon?,Yes,yes,closed,yes_no,Organ,unknown,unknown,unknown,unknown,Yes.,yes,True,True,No,no,False,False,Yes.,yes,True,True,Yes.,yes,True,True,Yes.,yes,True,True
12924,622,Which organs/organ in the picture belong to the urinary system?,Bladder,bladder,open,text_match,KG,unknown,unknown,unknown,unknown,Kidneys,kidneys,False,False,Kidney,kidney,False,False,Kidney,kidney,False,False,Kidney,kidney,False,False,Kidney,kidney,False,False
12925,622,Are there organs in the picture that can deliver food?,No,no,closed,yes_no,KG,unknown,unknown,unknown,unknown,Yes.,yes,False,False,No,no,True,True,Yes.,yes,False,False,Yes.,yes,False,False,No.,no,True,True
12926,628,How was this image taken?,CT,ct,open,text_match,Modality,unknown,unknown,unknown,unknown,CT scan,ct scan,False,True,No,no,False,False,MRI,mri,False,False,CT scan,ct scan,False,True,Yes.,yes,False,False
12927,628,Where does the picture show?,Pelvic Cavity,pelvic cavity,open,text_match,Position,unknown,unknown,unknown,unknown,Pelvis,pelvis,False,False,No,no,False,False,Pelvis,pelvis,False,False,Pelvis,pelvis,False,False,Head,head,False,False
12928,628,Does the rectum exist in this picture?,No,no,closed,yes_no,Organ,unknown,unknown,unknown,unknown,Yes.,yes,False,False,No,no,True,True,Yes.,yes,False,False,Yes.,yes,False,False,No,no,True,True
12929,628,"Which is bigger in this image, small bowel or colon?",Small Bowel,small bowel,closed,text_match,Size,unknown,unknown,unknown,unknown,Colon,colon,False,False,Colon,colon,False,False,Colon,colon,False,False,Colon,colon,False,False,Colon,colon,False,False
12930,628,What is the function of the organ on the bottom of this image?,"Digest food, absorb water, excrete body waste",digest food absorb water excrete body waste,open,text_match,KG,unknown,unknown,unknown,unknown,Reproductive,reproductive,False,False,Kidney,kidney,False,False,Reproductive,reproductive,False,False,Storage,storage,False,False,Kidney,kidney,False,False
12931,628,Do any of the organs in the picture belong to the urinary system?,No,no,closed,yes_no,KG,unknown,unknown,unknown,unknown,No,no,True,True,No,no,True,True,No,no,True,True,No,no,True,True,No,no,True,True
12932,629,What organ system is pictured?,Pelvic Cavity,pelvic cavity,open,text_match,Organ,unknown,unknown,unknown,unknown,Gastrointestinal,gastrointestinal,False,False,Respiratory,respiratory,False,False,Gastrointestinal,gastrointestinal,False,False,Gastrointestinal,gastrointestinal,False,False,Respiratory,respiratory,False,False
12933,629,Is there colon in the image?,Yes,yes,closed,yes_no,Organ,unknown,unknown,unknown,unknown,Yes.,yes,True,True,No,no,False,False,Yes.,yes,True,True,Yes.,yes,True,True,Yes.,yes,True,True
12934,629,"Which is smaller in this image, colon or small bowel?",Colon,colon,closed,text_match,Size,unknown,unknown,unknown,unknown,Colon,colon,True,True,Yes,yes,False,False,Colon,colon,True,True,Colon,colon,True,True,Small bowel,small bowel,False,False
12935,629,What is the function of the organ on the top of this image?,"Absorb nutrients, secrete enzymes, digest food",absorb nutrients secrete enzymes digest food,open,text_match,KG,unknown,unknown,unknown,unknown,Intestine,intestine,False,False,Respiratory system,respiratory system,False,False,Reproductive,reproductive,False,False,Reproductive,reproductive,False,False,Respiratory system,respiratory system,False,False
12936,629,Do any of the organs in the picture belong to the digestive system?,Yes,yes,closed,yes_no,KG,unknown,unknown,unknown,unknown,Yes.,yes,True,True,No,no,False,False,Yes.,yes,True,True,Yes.,yes,True,True,Yes.,yes,True,True
12937,634,Is this a coronal plane?,No,no,closed,yes_no,Plane,unknown,unknown,unknown,unknown,No.,no,True,True,No.,no,True,True,No,no,True,True,No.,no,True,True,No.,no,True,True
12938,634,Which part of the human body is the organ located in the image?,Pelvic Cavity,pelvic cavity,open,text_match,Position,unknown,unknown,unknown,unknown,Abdomen,abdomen,False,False,Brain,brain,False,False,Abdomen,abdomen,False,False,Abdomen,abdomen,False,False,Brain,brain,False,False
12939,634,Where is colon in this image?,Upper Left,upper left,open,text_match,Position,unknown,unknown,unknown,unknown,Yes.,yes,False,False,No,no,False,False,Yes.,yes,False,False,Yes.,yes,False,False,No,no,False,False
12940,634,What organ system is primarily present in this image?,Pelvic Cavity,pelvic cavity,open,text_match,Organ,unknown,unknown,unknown,unknown,Gastrointestinal,gastrointestinal,False,False,Respiratory,respiratory,False,False,Gastrointestinal,gastrointestinal,False,False,Gastrointestinal,gastrointestinal,False,False,Respiratory,respiratory,False,False
12941,634,Is there spinal cord in this picture?,Yes,yes,closed,yes_no,Organ,unknown,unknown,unknown,unknown,Yes.,yes,True,True,No,no,False,False,Yes.,yes,True,True,Yes.,yes,True,True,No,no,False,False
12942,634,What is the effect of the organ on the left of this picture?,"Digest food, absorb water, excrete body waste",digest food absorb water excrete body waste,open,text_match,KG,unknown,unknown,unknown,unknown,The organ on the left of the image appears to be the liver. The liver,the organ on the left of the image appears to be the liver the liver,False,False,The organ on the left of the image is the liver. The liver plays a,the organ on the left of the image is the liver the liver plays a,False,False,The organ on the left of the image appears to be the liver. The liver,the organ on the left of the image appears to be the liver the liver,False,False,The organ on the left of the image appears to be the liver. The liver,the organ on the left of the image appears to be the liver the liver,False,False,No,no,False,False
12943,634,Which organs/organ is part of the digestive system in this image?,"Colon, Small Bowel",colon small bowel,open,text_match,KG,unknown,unknown,unknown,unknown,Small intestine,small intestine,False,False,No,no,False,False,Small intestine,small intestine,False,False,Small intestine,small intestine,False,False,No,no,False,False
12944,634,Are there organs in the picture that can promote blood flow?,No,no,closed,yes_no,KG,unknown,unknown,unknown,unknown,Yes.,yes,False,False,Yes.,yes,False,False,Yes.,yes,False,False,Yes.,yes,False,False,Yes.,yes,False,False
12945,71,What modality is used to take this image?,MRI,mri,open,text_match,Modality,unknown,unknown,unknown,unknown,MRI,mri,True,True,MRI,mri,True,True,MRI,mri,True,True,MRI,mri,True,True,MRI,mri,True,True
12946,71,Which part of the body does this image belong to?,Brain,brain,open,text_match,Position,unknown,unknown,unknown,unknown,Brain,brain,True,True,Head,head,False,False,Brain,brain,True,True,Brain,brain,True,True,Head,head,False,False
12947,71,What is the mr weighting in this image?,T2,t2,open,text_match,Modality,unknown,unknown,unknown,unknown,T2-weighted,t2weighted,False,True,T1,t1,False,False,Diffusion-weighted imaging (DWI),diffusionweighted imaging dwi,False,False,T2-weighted,t2weighted,False,True,T2-weighted,t2weighted,False,True
12948,71,What is the main organ in the image?,Brain,brain,open,text_match,Organ,unknown,unknown,unknown,unknown,Brain,brain,True,True,No,no,False,False,Brain,brain,True,True,Brain,brain,True,True,No,no,False,False
12949,71,What is the largest organ in the picture?,Brain,brain,open,text_match,Size,unknown,unknown,unknown,unknown,Brain,brain,True,True,Skin,skin,False,False,Brain,brain,True,True,Brain,brain,True,True,No,no,False,False
12950,71,Does the picture contain brian?,Yes,yes,closed,yes_no,Organ,unknown,unknown,unknown,unknown,Yes.,yes,True,True,No,no,False,False,Yes.,yes,True,True,Yes.,yes,True,True,No,no,False,False
12951,71,What diseases are included in the picture?,,none,open,text_match,Abnormality,unknown,unknown,unknown,unknown,No,no,False,True,No,no,False,True,No,no,False,True,No,no,False,True,No,no,False,True
12952,71,Is the brain healthy?,Yes,yes,closed,yes_no,Abnormality,unknown,unknown,unknown,unknown,No.,no,False,False,Yes.,yes,True,True,No.,no,False,False,No.,no,False,False,No.,no,False,False
12953,77,What modality is used to take this image?,MRI,mri,open,text_match,Modality,unknown,unknown,unknown,unknown,MRI,mri,True,True,MRI,mri,True,True,MRI,mri,True,True,MRI,mri,True,True,MRI,mri,True,True
12954,77,Which part of the body does this image belong to?,Brain,brain,open,text_match,Position,unknown,unknown,unknown,unknown,Brain,brain,True,True,Head,head,False,False,Brain,brain,True,True,Brain,brain,True,True,Head,head,False,False
12955,77,What is the mr weighting in this image?,T2,t2,open,text_match,Modality,unknown,unknown,unknown,unknown,T2-weighted,t2weighted,False,True,T1,t1,False,False,T2-weighted,t2weighted,False,True,T1-weighted,t1weighted,False,False,T2-weighted,t2weighted,False,True
12956,77,What is the main organ in the image?,Brain,brain,open,text_match,Organ,unknown,unknown,unknown,unknown,Brain,brain,True,True,No,no,False,False,Brain,brain,True,True,Brain,brain,True,True,No,no,False,False
12957,77,What is the largest organ in the picture?,Brain,brain,open,text_match,Size,unknown,unknown,unknown,unknown,Brain,brain,True,True,Skin,skin,False,False,Brain,brain,True,True,Brain,brain,True,True,Skin,skin,False,False
12958,77,Does the picture contain brian?,Yes,yes,closed,yes_no,Organ,unknown,unknown,unknown,unknown,Yes.,yes,True,True,No,no,False,False,Yes.,yes,True,True,Yes.,yes,True,True,No,no,False,False
12959,77,What diseases are included in the picture?,,none,open,text_match,Abnormality,unknown,unknown,unknown,unknown,No,no,False,True,No,no,False,True,No,no,False,True,No,no,False,True,No,no,False,True
12960,77,Is the brain healthy?,Yes,yes,closed,yes_no,Abnormality,unknown,unknown,unknown,unknown,Yes.,yes,True,True,Yes.,yes,True,True,No.,no,False,False,Yes.,yes,True,True,No.,no,False,False
12961,82,What modality is used to take this image?,CT,ct,open,text_match,Modality,unknown,unknown,unknown,unknown,CT,ct,True,True,MRI,mri,False,False,CT,ct,True,True,CT,ct,True,True,MRI,mri,False,False
12962,82,Which part of the body does this image belong to?,Chest,chest,open,text_match,Position,unknown,unknown,unknown,unknown,Thorax,thorax,False,False,Head,head,False,False,Thorax,thorax,False,False,Thorax,thorax,False,False,Head,head,False,False
12963,82,What is the main organ in the image?,Lung,lung,open,text_match,Organ,unknown,unknown,unknown,unknown,Lungs,lungs,False,True,No,no,False,False,Lungs,lungs,False,True,Lungs,lungs,False,True,No,no,False,False
12964,82,What is the largest organ in the picture?,Lung,lung,open,text_match,Size,unknown,unknown,unknown,unknown,Lungs,lungs,False,True,Skin,skin,False,False,Lungs,lungs,False,True,Lungs,lungs,False,True,Skin,skin,False,False
12965,82,Does the picture contain liver?,No,no,closed,yes_no,Organ,unknown,unknown,unknown,unknown,No,no,True,True,No,no,True,True,No,no,True,True,No,no,True,True,No.,no,True,True
12966,82,Does the picture contain lung?,Yes,yes,closed,yes_no,Organ,unknown,unknown,unknown,unknown,Yes.,yes,True,True,No,no,False,False,Yes.,yes,True,True,Yes.,yes,True,True,No.,no,False,False
12967,82,Does the picture contain heart?,Yes,yes,closed,yes_no,Organ,unknown,unknown,unknown,unknown,No,no,False,False,No,no,False,False,No,no,False,False,No,no,False,False,No.,no,False,False
12968,82,What diseases are included in the picture?,,none,open,text_match,Abnormality,unknown,unknown,unknown,unknown,No,no,False,True,No,no,False,True,No,no,False,True,No,no,False,True,No,no,False,True
12969,82,Is the lung healthy?,Yes,yes,closed,yes_no,Abnormality,unknown,unknown,unknown,unknown,No.,no,False,False,No.,no,False,False,No,no,False,False,No.,no,False,False,No.,no,False,False
12970,82,"Which is the biggest in this image,lung,liver or heart?",Lung,lung,closed,text_match,Size,unknown,unknown,unknown,unknown,Lung,lung,True,True,Liver,liver,False,False,Lung,lung,True,True,Lung,lung,True,True,Liver,liver,False,False
12971,85,What modality is used to take this image?,CT,ct,open,text_match,Modality,unknown,unknown,unknown,unknown,CT,ct,True,True,MRI,mri,False,False,CT,ct,True,True,CT,ct,True,True,MRI,mri,False,False
12972,85,Which part of the body does this image belong to?,Chest,chest,open,text_match,Position,unknown,unknown,unknown,unknown,Thorax,thorax,False,False,Head,head,False,False,Abdomen,abdomen,False,False,Abdomen,abdomen,False,False,Eye,eye,False,False
12973,85,What is the main organ in the image?,Liver,liver,open,text_match,Organ,unknown,unknown,unknown,unknown,Liver,liver,True,True,No,no,False,False,Liver,liver,True,True,Liver,liver,True,True,No,no,False,False
12974,85,What is the largest organ in the picture?,Liver,liver,open,text_match,Size,unknown,unknown,unknown,unknown,Liver,liver,True,True,Skin,skin,False,False,Liver,liver,True,True,Liver,liver,True,True,Skin,skin,False,False
12975,85,Does the picture contain liver?,Yes,yes,closed,yes_no,Organ,unknown,unknown,unknown,unknown,Yes.,yes,True,True,No,no,False,False,Yes.,yes,True,True,Yes.,yes,True,True,No,no,False,False
12976,85,Does the picture contain lung?,Yes,yes,closed,yes_no,Organ,unknown,unknown,unknown,unknown,Yes.,yes,True,True,No,no,False,False,Yes.,yes,True,True,No,no,False,False,No,no,False,False
12977,85,Does the picture contain heart?,No,no,closed,yes_no,Organ,unknown,unknown,unknown,unknown,Yes.,yes,False,False,No,no,True,True,Yes.,yes,False,False,No,no,True,True,No,no,True,True
12978,85,Does the lung look healthy?,Yes,yes,closed,yes_no,Abnormality,unknown,unknown,unknown,unknown,No.,no,False,False,No.,no,False,False,No.,no,False,False,No.,no,False,False,No.,no,False,False
12979,85,"Which is the biggest in this image,lung,liver or heart?",Liver,liver,closed,text_match,Size,unknown,unknown,unknown,unknown,Liver,liver,True,True,Liver,liver,True,True,Liver,liver,True,True,Liver,liver,True,True,Lung,lung,False,False
12980,90,What modality is used to take this image?,CT,ct,open,text_match,Modality,unknown,unknown,unknown,unknown,CT,ct,True,True,MRI,mri,False,False,CT,ct,True,True,CT,ct,True,True,MRI,mri,False,False
12981,90,Which part of the body does this image belong to?,Chest,chest,open,text_match,Position,unknown,unknown,unknown,unknown,Lungs,lungs,False,False,Head,head,False,False,Lungs,lungs,False,False,Lungs,lungs,False,False,Skin,skin,False,False
12982,90,What is the main organ in the image?,"Lung, Heart",lung heart,open,text_match,Organ,unknown,unknown,unknown,unknown,Lungs,lungs,False,False,No,no,False,False,Lungs,lungs,False,False,Lungs,lungs,False,False,No,no,False,False
12983,90,What is the largest organ in the picture?,Lung,lung,open,text_match,Size,unknown,unknown,unknown,unknown,Lungs,lungs,False,True,Skin,skin,False,False,Lungs,lungs,False,True,Lungs,lungs,False,True,Skin,skin,False,False
12984,90,Does the picture contain liver?,No,no,closed,yes_no,Organ,unknown,unknown,unknown,unknown,No,no,True,True,No,no,True,True,No,no,True,True,No,no,True,True,No.,no,True,True
12985,90,Does the picture contain lung?,Yes,yes,closed,yes_no,Organ,unknown,unknown,unknown,unknown,Yes.,yes,True,True,No,no,False,False,Yes.,yes,True,True,Yes.,yes,True,True,No,no,False,False
12986,90,Does the picture contain heart?,Yes,yes,closed,yes_no,Organ,unknown,unknown,unknown,unknown,Yes.,yes,True,True,No,no,False,False,Yes.,yes,True,True,No,no,False,False,No.,no,False,False
12987,90,Is the lung healthy?,Yes,yes,closed,yes_no,Abnormality,unknown,unknown,unknown,unknown,No.,no,False,False,No.,no,False,False,No.,no,False,False,No.,no,False,False,No.,no,False,False
12988,90,"Which is the biggest in this image,lung,liver or heart?",Lung,lung,closed,text_match,Size,unknown,unknown,unknown,unknown,Lung,lung,True,True,Liver,liver,False,False,Lung,lung,True,True,Lung,lung,True,True,Lung,lung,True,True
12989,93,What modality is used to take this image?,CT,ct,open,text_match,Modality,unknown,unknown,unknown,unknown,CT,ct,True,True,MRI,mri,False,False,CT,ct,True,True,CT,ct,True,True,MRI,mri,False,False
12990,93,Which part of the body does this image belong to?,Chest,chest,open,text_match,Position,unknown,unknown,unknown,unknown,Abdomen,abdomen,False,False,Head,head,False,False,Thorax,thorax,False,False,Spine,spine,False,False,Head,head,False,False
12991,93,What is the main organ in the image?,Spinal Cord,spinal cord,open,text_match,Organ,unknown,unknown,unknown,unknown,Kidney,kidney,False,False,No,no,False,False,Thyroid gland,thyroid gland,False,False,Spinal cord,spinal cord,True,True,No,no,False,False
12992,93,Does the picture contain liver?,No,no,closed,yes_no,Organ,unknown,unknown,unknown,unknown,No,no,True,True,No,no,True,True,No,no,True,True,No,no,True,True,No,no,True,True
12993,93,Does the picture contain lung?,No,no,closed,yes_no,Organ,unknown,unknown,unknown,unknown,No,no,True,True,No,no,True,True,No,no,True,True,No,no,True,True,No,no,True,True
12994,93,Does the picture contain heart?,No,no,closed,yes_no,Organ,unknown,unknown,unknown,unknown,No,no,True,True,No,no,True,True,No,no,True,True,No,no,True,True,No,no,True,True
